../instances/ORTEC-VRPTW-ASYM-fec88673-d1-n302-k25.txt;0;240945;0.046082
../instances/ORTEC-VRPTW-ASYM-fec88673-d1-n302-k25.txt;0;225207;0.065622
../instances/ORTEC-VRPTW-ASYM-fec88673-d1-n302-k25.txt;0;221990;2.01854
../instances/ORTEC-VRPTW-ASYM-fec88673-d1-n302-k25.txt;0;220556;2.1023
../instances/ORTEC-VRPTW-ASYM-fec88673-d1-n302-k25.txt;0;220236;2.84333
../instances/ORTEC-VRPTW-ASYM-fec88673-d1-n302-k25.txt;0;218315;3.31216
../instances/ORTEC-VRPTW-ASYM-fec88673-d1-n302-k25.txt;0;217722;3.972
../instances/ORTEC-VRPTW-ASYM-fec88673-d1-n302-k25.txt;0;216435;4.68478
../instances/ORTEC-VRPTW-ASYM-fec88673-d1-n302-k25.txt;0;216274;6.58615
../instances/ORTEC-VRPTW-ASYM-fec88673-d1-n302-k25.txt;0;215446;7.23576
../instances/ORTEC-VRPTW-ASYM-fec88673-d1-n302-k25.txt;0;215337;7.68313
../instances/ORTEC-VRPTW-ASYM-fec88673-d1-n302-k25.txt;0;215135;7.80132
../instances/ORTEC-VRPTW-ASYM-fec88673-d1-n302-k25.txt;0;214844;8.59486
../instances/ORTEC-VRPTW-ASYM-fec88673-d1-n302-k25.txt;0;214632;8.80861
../instances/ORTEC-VRPTW-ASYM-fec88673-d1-n302-k25.txt;0;214119;8.86787
../instances/ORTEC-VRPTW-ASYM-fec88673-d1-n302-k25.txt;0;214099;10.2894
../instances/ORTEC-VRPTW-ASYM-fec88673-d1-n302-k25.txt;0;213602;11.0647
../instances/ORTEC-VRPTW-ASYM-fec88673-d1-n302-k25.txt;0;213212;11.4223
../instances/ORTEC-VRPTW-ASYM-fec88673-d1-n302-k25.txt;0;213132;11.7241
../instances/ORTEC-VRPTW-ASYM-fec88673-d1-n302-k25.txt;0;212771;11.8965
../instances/ORTEC-VRPTW-ASYM-fec88673-d1-n302-k25.txt;0;212712;12.2968
../instances/ORTEC-VRPTW-ASYM-fec88673-d1-n302-k25.txt;0;212659;12.804
../instances/ORTEC-VRPTW-ASYM-fec88673-d1-n302-k25.txt;0;212555;12.8058
../instances/ORTEC-VRPTW-ASYM-fec88673-d1-n302-k25.txt;0;212410;13.1938
../instances/ORTEC-VRPTW-ASYM-fec88673-d1-n302-k25.txt;0;212195;13.5119
../instances/ORTEC-VRPTW-ASYM-fec88673-d1-n302-k25.txt;0;211976;14.2118
../instances/ORTEC-VRPTW-ASYM-fec88673-d1-n302-k25.txt;0;211905;14.6718
../instances/ORTEC-VRPTW-ASYM-fec88673-d1-n302-k25.txt;0;211753;14.826
../instances/ORTEC-VRPTW-ASYM-fec88673-d1-n302-k25.txt;0;211711;15.7898
../instances/ORTEC-VRPTW-ASYM-fec88673-d1-n302-k25.txt;0;211700;16.1639
../instances/ORTEC-VRPTW-ASYM-fec88673-d1-n302-k25.txt;0;211648;16.4087
../instances/ORTEC-VRPTW-ASYM-fec88673-d1-n302-k25.txt;0;211634;16.6168
../instances/ORTEC-VRPTW-ASYM-fec88673-d1-n302-k25.txt;0;211574;17.0895
../instances/ORTEC-VRPTW-ASYM-fec88673-d1-n302-k25.txt;0;211522;17.1839
../instances/ORTEC-VRPTW-ASYM-fec88673-d1-n302-k25.txt;0;211486;18.0415
../instances/ORTEC-VRPTW-ASYM-fec88673-d1-n302-k25.txt;0;211469;19.1302
../instances/ORTEC-VRPTW-ASYM-fec88673-d1-n302-k25.txt;0;211116;29.0685
../instances/ORTEC-VRPTW-ASYM-fec88673-d1-n302-k25.txt;0;211115;29.223
../instances/ORTEC-VRPTW-ASYM-fec88673-d1-n302-k25.txt;0;210948;29.5774
../instances/ORTEC-VRPTW-ASYM-fec88673-d1-n302-k25.txt;0;210635;31.1031
../instances/ORTEC-VRPTW-ASYM-fec88673-d1-n302-k25.txt;0;210627;31.615
../instances/ORTEC-VRPTW-ASYM-fec88673-d1-n302-k25.txt;0;210526;31.7015
../instances/ORTEC-VRPTW-ASYM-fec88673-d1-n302-k25.txt;0;210509;31.9816
../instances/ORTEC-VRPTW-ASYM-fec88673-d1-n302-k25.txt;0;210298;32.8784
../instances/ORTEC-VRPTW-ASYM-fec88673-d1-n302-k25.txt;0;210209;32.9958
../instances/ORTEC-VRPTW-ASYM-fec88673-d1-n302-k25.txt;0;210192;33.0027
../instances/ORTEC-VRPTW-ASYM-fec88673-d1-n302-k25.txt;0;210180;33.5
../instances/ORTEC-VRPTW-ASYM-fec88673-d1-n302-k25.txt;0;210139;33.5172
../instances/ORTEC-VRPTW-ASYM-fec88673-d1-n302-k25.txt;0;210089;33.6372
../instances/ORTEC-VRPTW-ASYM-fec88673-d1-n302-k25.txt;0;210077;33.6801
../instances/ORTEC-VRPTW-ASYM-fec88673-d1-n302-k25.txt;0;209961;34.0483
../instances/ORTEC-VRPTW-ASYM-fec88673-d1-n302-k25.txt;0;209855;34.4432
../instances/ORTEC-VRPTW-ASYM-fec88673-d1-n302-k25.txt;0;209838;48.4415
../instances/ORTEC-VRPTW-ASYM-fec88673-d1-n302-k25.txt;0;209830;52.9771
../instances/ORTEC-VRPTW-ASYM-fec88673-d1-n302-k25.txt;0;209789;60.1645
