../instances/ORTEC-VRPTW-ASYM-7f658fd0-d1-n335-k22.txt;0;193691;0.073391
../instances/ORTEC-VRPTW-ASYM-7f658fd0-d1-n335-k22.txt;0;191637;0.642661
../instances/ORTEC-VRPTW-ASYM-7f658fd0-d1-n335-k22.txt;0;187940;1.78081
../instances/ORTEC-VRPTW-ASYM-7f658fd0-d1-n335-k22.txt;0;185646;1.80704
../instances/ORTEC-VRPTW-ASYM-7f658fd0-d1-n335-k22.txt;0;185488;1.85401
../instances/ORTEC-VRPTW-ASYM-7f658fd0-d1-n335-k22.txt;0;183898;2.00163
../instances/ORTEC-VRPTW-ASYM-7f658fd0-d1-n335-k22.txt;0;183139;2.12914
../instances/ORTEC-VRPTW-ASYM-7f658fd0-d1-n335-k22.txt;0;181134;2.45192
../instances/ORTEC-VRPTW-ASYM-7f658fd0-d1-n335-k22.txt;0;180330;2.91351
../instances/ORTEC-VRPTW-ASYM-7f658fd0-d1-n335-k22.txt;0;178886;3.81468
../instances/ORTEC-VRPTW-ASYM-7f658fd0-d1-n335-k22.txt;0;178860;3.92191
../instances/ORTEC-VRPTW-ASYM-7f658fd0-d1-n335-k22.txt;0;178500;5.03444
../instances/ORTEC-VRPTW-ASYM-7f658fd0-d1-n335-k22.txt;0;178107;5.38849
../instances/ORTEC-VRPTW-ASYM-7f658fd0-d1-n335-k22.txt;0;178044;5.65169
../instances/ORTEC-VRPTW-ASYM-7f658fd0-d1-n335-k22.txt;0;176498;5.76643
../instances/ORTEC-VRPTW-ASYM-7f658fd0-d1-n335-k22.txt;0;176467;6.14088
../instances/ORTEC-VRPTW-ASYM-7f658fd0-d1-n335-k22.txt;0;175855;6.72051
../instances/ORTEC-VRPTW-ASYM-7f658fd0-d1-n335-k22.txt;0;175611;7.80124
../instances/ORTEC-VRPTW-ASYM-7f658fd0-d1-n335-k22.txt;0;174884;7.89827
../instances/ORTEC-VRPTW-ASYM-7f658fd0-d1-n335-k22.txt;0;174624;8.25309
../instances/ORTEC-VRPTW-ASYM-7f658fd0-d1-n335-k22.txt;0;174342;9.43053
../instances/ORTEC-VRPTW-ASYM-7f658fd0-d1-n335-k22.txt;0;174169;9.66727
../instances/ORTEC-VRPTW-ASYM-7f658fd0-d1-n335-k22.txt;0;174125;11.4044
../instances/ORTEC-VRPTW-ASYM-7f658fd0-d1-n335-k22.txt;0;173883;11.7619
../instances/ORTEC-VRPTW-ASYM-7f658fd0-d1-n335-k22.txt;0;173804;12.2889
../instances/ORTEC-VRPTW-ASYM-7f658fd0-d1-n335-k22.txt;0;173477;12.4071
../instances/ORTEC-VRPTW-ASYM-7f658fd0-d1-n335-k22.txt;0;173218;14.0303
../instances/ORTEC-VRPTW-ASYM-7f658fd0-d1-n335-k22.txt;0;172963;14.6855
../instances/ORTEC-VRPTW-ASYM-7f658fd0-d1-n335-k22.txt;0;172861;18.2026
../instances/ORTEC-VRPTW-ASYM-7f658fd0-d1-n335-k22.txt;0;172487;19.6084
../instances/ORTEC-VRPTW-ASYM-7f658fd0-d1-n335-k22.txt;0;172143;26.4749
../instances/ORTEC-VRPTW-ASYM-7f658fd0-d1-n335-k22.txt;0;171764;26.8778
../instances/ORTEC-VRPTW-ASYM-7f658fd0-d1-n335-k22.txt;0;171757;30.1697
../instances/ORTEC-VRPTW-ASYM-7f658fd0-d1-n335-k22.txt;0;171217;32.7917
../instances/ORTEC-VRPTW-ASYM-7f658fd0-d1-n335-k22.txt;0;170921;35.4499
../instances/ORTEC-VRPTW-ASYM-7f658fd0-d1-n335-k22.txt;0;170628;37.5354
../instances/ORTEC-VRPTW-ASYM-7f658fd0-d1-n335-k22.txt;0;170609;40.794
../instances/ORTEC-VRPTW-ASYM-7f658fd0-d1-n335-k22.txt;0;170589;41.6964
../instances/ORTEC-VRPTW-ASYM-7f658fd0-d1-n335-k22.txt;0;170505;41.7496
../instances/ORTEC-VRPTW-ASYM-7f658fd0-d1-n335-k22.txt;0;170403;42.436
../instances/ORTEC-VRPTW-ASYM-7f658fd0-d1-n335-k22.txt;0;170374;43.7988
../instances/ORTEC-VRPTW-ASYM-7f658fd0-d1-n335-k22.txt;0;170094;48.3222
../instances/ORTEC-VRPTW-ASYM-7f658fd0-d1-n335-k22.txt;0;170063;50.3936
../instances/ORTEC-VRPTW-ASYM-7f658fd0-d1-n335-k22.txt;0;169877;51.3559
../instances/ORTEC-VRPTW-ASYM-7f658fd0-d1-n335-k22.txt;0;169862;51.8018
../instances/ORTEC-VRPTW-ASYM-7f658fd0-d1-n335-k22.txt;0;169833;52.6579
../instances/ORTEC-VRPTW-ASYM-7f658fd0-d1-n335-k22.txt;0;169822;57.1745
../instances/ORTEC-VRPTW-ASYM-7f658fd0-d1-n335-k22.txt;0;169802;59.2475
../instances/ORTEC-VRPTW-ASYM-7f658fd0-d1-n335-k22.txt;0;169800;59.4684
../instances/ORTEC-VRPTW-ASYM-7f658fd0-d1-n335-k22.txt;0;169795;59.6358
../instances/ORTEC-VRPTW-ASYM-7f658fd0-d1-n335-k22.txt;0;169641;71.9
../instances/ORTEC-VRPTW-ASYM-7f658fd0-d1-n335-k22.txt;0;169632;76.559
../instances/ORTEC-VRPTW-ASYM-7f658fd0-d1-n335-k22.txt;0;169628;83.0182
../instances/ORTEC-VRPTW-ASYM-7f658fd0-d1-n335-k22.txt;0;169580;84.3065
../instances/ORTEC-VRPTW-ASYM-7f658fd0-d1-n335-k22.txt;0;169565;90.4612
../instances/ORTEC-VRPTW-ASYM-7f658fd0-d1-n335-k22.txt;0;169558;90.6847
../instances/ORTEC-VRPTW-ASYM-7f658fd0-d1-n335-k22.txt;0;169510;203.598
../instances/ORTEC-VRPTW-ASYM-7f658fd0-d1-n335-k22.txt;0;169503;208.965
../instances/ORTEC-VRPTW-ASYM-7f658fd0-d1-n335-k22.txt;0;169463;355.218
../instances/ORTEC-VRPTW-ASYM-7f658fd0-d1-n335-k22.txt;0;169409;358.127
../instances/ORTEC-VRPTW-ASYM-7f658fd0-d1-n335-k22.txt;0;169321;359.154
../instances/ORTEC-VRPTW-ASYM-7f658fd0-d1-n335-k22.txt;0;169285;368.501
../instances/ORTEC-VRPTW-ASYM-7f658fd0-d1-n335-k22.txt;0;169246;369.304
../instances/ORTEC-VRPTW-ASYM-7f658fd0-d1-n335-k22.txt;0;169231;382.993
../instances/ORTEC-VRPTW-ASYM-7f658fd0-d1-n335-k22.txt;0;169213;404.324
../instances/ORTEC-VRPTW-ASYM-7f658fd0-d1-n335-k22.txt;0;169206;410.549
../instances/ORTEC-VRPTW-ASYM-7f658fd0-d1-n335-k22.txt;0;169090;462.127
../instances/ORTEC-VRPTW-ASYM-7f658fd0-d1-n335-k22.txt;0;169031;463.574
../instances/ORTEC-VRPTW-ASYM-7f658fd0-d1-n335-k22.txt;0;169024;466.902
