../instances/ORTEC-VRPTW-ASYM-56c07872-d1-n309-k25.txt;0;197281;0.051527
../instances/ORTEC-VRPTW-ASYM-56c07872-d1-n309-k25.txt;0;196600;0.194438
../instances/ORTEC-VRPTW-ASYM-56c07872-d1-n309-k25.txt;0;196219;0.208823
../instances/ORTEC-VRPTW-ASYM-56c07872-d1-n309-k25.txt;0;193330;0.38282
../instances/ORTEC-VRPTW-ASYM-56c07872-d1-n309-k25.txt;0;189011;0.493303
../instances/ORTEC-VRPTW-ASYM-56c07872-d1-n309-k25.txt;0;186863;1.67422
../instances/ORTEC-VRPTW-ASYM-56c07872-d1-n309-k25.txt;0;185965;1.93363
../instances/ORTEC-VRPTW-ASYM-56c07872-d1-n309-k25.txt;0;184861;1.98016
../instances/ORTEC-VRPTW-ASYM-56c07872-d1-n309-k25.txt;0;184552;2.41031
../instances/ORTEC-VRPTW-ASYM-56c07872-d1-n309-k25.txt;0;183456;2.83261
../instances/ORTEC-VRPTW-ASYM-56c07872-d1-n309-k25.txt;0;183038;3.12514
../instances/ORTEC-VRPTW-ASYM-56c07872-d1-n309-k25.txt;0;182825;3.31695
../instances/ORTEC-VRPTW-ASYM-56c07872-d1-n309-k25.txt;0;182555;3.9618
../instances/ORTEC-VRPTW-ASYM-56c07872-d1-n309-k25.txt;0;182346;4.02308
../instances/ORTEC-VRPTW-ASYM-56c07872-d1-n309-k25.txt;0;182264;4.2836
../instances/ORTEC-VRPTW-ASYM-56c07872-d1-n309-k25.txt;0;181935;4.94463
../instances/ORTEC-VRPTW-ASYM-56c07872-d1-n309-k25.txt;0;181620;5.58094
../instances/ORTEC-VRPTW-ASYM-56c07872-d1-n309-k25.txt;0;181395;6.25687
../instances/ORTEC-VRPTW-ASYM-56c07872-d1-n309-k25.txt;0;180975;6.67081
../instances/ORTEC-VRPTW-ASYM-56c07872-d1-n309-k25.txt;0;180101;7.17173
../instances/ORTEC-VRPTW-ASYM-56c07872-d1-n309-k25.txt;0;180004;8.22015
../instances/ORTEC-VRPTW-ASYM-56c07872-d1-n309-k25.txt;0;179829;8.48334
../instances/ORTEC-VRPTW-ASYM-56c07872-d1-n309-k25.txt;0;179594;8.81091
../instances/ORTEC-VRPTW-ASYM-56c07872-d1-n309-k25.txt;0;179500;9.26328
../instances/ORTEC-VRPTW-ASYM-56c07872-d1-n309-k25.txt;0;179466;9.71562
../instances/ORTEC-VRPTW-ASYM-56c07872-d1-n309-k25.txt;0;179156;10.4457
../instances/ORTEC-VRPTW-ASYM-56c07872-d1-n309-k25.txt;0;178959;10.7694
../instances/ORTEC-VRPTW-ASYM-56c07872-d1-n309-k25.txt;0;178798;11.3669
../instances/ORTEC-VRPTW-ASYM-56c07872-d1-n309-k25.txt;0;178761;11.5331
../instances/ORTEC-VRPTW-ASYM-56c07872-d1-n309-k25.txt;0;178632;12.2286
../instances/ORTEC-VRPTW-ASYM-56c07872-d1-n309-k25.txt;0;178531;13.3006
../instances/ORTEC-VRPTW-ASYM-56c07872-d1-n309-k25.txt;0;178512;14.2992
../instances/ORTEC-VRPTW-ASYM-56c07872-d1-n309-k25.txt;0;178510;15.5795
../instances/ORTEC-VRPTW-ASYM-56c07872-d1-n309-k25.txt;0;178417;128.81
../instances/ORTEC-VRPTW-ASYM-56c07872-d1-n309-k25.txt;0;178416;130.986
../instances/ORTEC-VRPTW-ASYM-56c07872-d1-n309-k25.txt;0;178364;138.341
../instances/ORTEC-VRPTW-ASYM-56c07872-d1-n309-k25.txt;0;178329;154.984
../instances/ORTEC-VRPTW-ASYM-56c07872-d1-n309-k25.txt;0;178182;240.99
../instances/ORTEC-VRPTW-ASYM-56c07872-d1-n309-k25.txt;0;178143;241.834
../instances/ORTEC-VRPTW-ASYM-56c07872-d1-n309-k25.txt;0;178089;252.656
../instances/ORTEC-VRPTW-ASYM-56c07872-d1-n309-k25.txt;0;178065;253.551
../instances/ORTEC-VRPTW-ASYM-56c07872-d1-n309-k25.txt;0;178041;386.723
../instances/ORTEC-VRPTW-ASYM-56c07872-d1-n309-k25.txt;0;177973;390.396
../instances/ORTEC-VRPTW-ASYM-56c07872-d1-n309-k25.txt;0;177938;392.623
../instances/ORTEC-VRPTW-ASYM-56c07872-d1-n309-k25.txt;0;177846;392.777
../instances/ORTEC-VRPTW-ASYM-56c07872-d1-n309-k25.txt;0;177836;393.881
../instances/ORTEC-VRPTW-ASYM-56c07872-d1-n309-k25.txt;0;177791;394.641
../instances/ORTEC-VRPTW-ASYM-56c07872-d1-n309-k25.txt;0;177606;395.027
../instances/ORTEC-VRPTW-ASYM-56c07872-d1-n309-k25.txt;0;177605;397.539
../instances/ORTEC-VRPTW-ASYM-56c07872-d1-n309-k25.txt;0;177427;403.341
../instances/ORTEC-VRPTW-ASYM-56c07872-d1-n309-k25.txt;0;177303;412.537
../instances/ORTEC-VRPTW-ASYM-56c07872-d1-n309-k25.txt;0;177265;418.645
../instances/ORTEC-VRPTW-ASYM-56c07872-d1-n309-k25.txt;0;177201;419.357
../instances/ORTEC-VRPTW-ASYM-56c07872-d1-n309-k25.txt;0;177164;425.598
../instances/ORTEC-VRPTW-ASYM-56c07872-d1-n309-k25.txt;0;177112;427.747
../instances/ORTEC-VRPTW-ASYM-56c07872-d1-n309-k25.txt;0;177090;429.139
../instances/ORTEC-VRPTW-ASYM-56c07872-d1-n309-k25.txt;0;177089;431.418
../instances/ORTEC-VRPTW-ASYM-56c07872-d1-n309-k25.txt;0;177060;432.19
../instances/ORTEC-VRPTW-ASYM-56c07872-d1-n309-k25.txt;0;177059;433.497
../instances/ORTEC-VRPTW-ASYM-56c07872-d1-n309-k25.txt;0;177038;454.421
../instances/ORTEC-VRPTW-ASYM-56c07872-d1-n309-k25.txt;0;177014;454.571
../instances/ORTEC-VRPTW-ASYM-56c07872-d1-n309-k25.txt;0;177013;455.092
../instances/ORTEC-VRPTW-ASYM-56c07872-d1-n309-k25.txt;0;176938;470.828
../instances/ORTEC-VRPTW-ASYM-56c07872-d1-n309-k25.txt;0;176937;471.152
../instances/ORTEC-VRPTW-ASYM-56c07872-d1-n309-k25.txt;0;176907;473.098
../instances/ORTEC-VRPTW-ASYM-56c07872-d1-n309-k25.txt;0;176858;473.234
../instances/ORTEC-VRPTW-ASYM-56c07872-d1-n309-k25.txt;0;176772;473.331
../instances/ORTEC-VRPTW-ASYM-56c07872-d1-n309-k25.txt;0;176713;507.312
../instances/ORTEC-VRPTW-ASYM-56c07872-d1-n309-k25.txt;0;176712;508.824
