../instances/ORTEC-VRPTW-ASYM-e814fc2f-d1-n247-k25.txt;0;97079;0.02695
../instances/ORTEC-VRPTW-ASYM-e814fc2f-d1-n247-k25.txt;0;97019;0.048169
../instances/ORTEC-VRPTW-ASYM-e814fc2f-d1-n247-k25.txt;0;96693;0.066117
../instances/ORTEC-VRPTW-ASYM-e814fc2f-d1-n247-k25.txt;0;96282;0.110666
../instances/ORTEC-VRPTW-ASYM-e814fc2f-d1-n247-k25.txt;0;93943;0.657784
../instances/ORTEC-VRPTW-ASYM-e814fc2f-d1-n247-k25.txt;0;91349;1.44643
../instances/ORTEC-VRPTW-ASYM-e814fc2f-d1-n247-k25.txt;0;90952;2.06917
../instances/ORTEC-VRPTW-ASYM-e814fc2f-d1-n247-k25.txt;0;90577;2.60397
../instances/ORTEC-VRPTW-ASYM-e814fc2f-d1-n247-k25.txt;0;90482;3.17022
../instances/ORTEC-VRPTW-ASYM-e814fc2f-d1-n247-k25.txt;0;89349;3.61293
../instances/ORTEC-VRPTW-ASYM-e814fc2f-d1-n247-k25.txt;0;89294;4.04749
../instances/ORTEC-VRPTW-ASYM-e814fc2f-d1-n247-k25.txt;0;89033;4.79334
../instances/ORTEC-VRPTW-ASYM-e814fc2f-d1-n247-k25.txt;0;88887;5.17115
../instances/ORTEC-VRPTW-ASYM-e814fc2f-d1-n247-k25.txt;0;88614;5.9349
../instances/ORTEC-VRPTW-ASYM-e814fc2f-d1-n247-k25.txt;0;88609;6.74647
../instances/ORTEC-VRPTW-ASYM-e814fc2f-d1-n247-k25.txt;0;88562;6.8504
../instances/ORTEC-VRPTW-ASYM-e814fc2f-d1-n247-k25.txt;0;88278;7.48341
../instances/ORTEC-VRPTW-ASYM-e814fc2f-d1-n247-k25.txt;0;88242;7.69032
../instances/ORTEC-VRPTW-ASYM-e814fc2f-d1-n247-k25.txt;0;88028;8.44737
../instances/ORTEC-VRPTW-ASYM-e814fc2f-d1-n247-k25.txt;0;87996;10.0986
../instances/ORTEC-VRPTW-ASYM-e814fc2f-d1-n247-k25.txt;0;87773;12.2344
../instances/ORTEC-VRPTW-ASYM-e814fc2f-d1-n247-k25.txt;0;87760;13.9241
../instances/ORTEC-VRPTW-ASYM-e814fc2f-d1-n247-k25.txt;0;87724;14.1429
../instances/ORTEC-VRPTW-ASYM-e814fc2f-d1-n247-k25.txt;0;87682;14.9194
../instances/ORTEC-VRPTW-ASYM-e814fc2f-d1-n247-k25.txt;0;87634;17.445
../instances/ORTEC-VRPTW-ASYM-e814fc2f-d1-n247-k25.txt;0;87318;19.3029
../instances/ORTEC-VRPTW-ASYM-e814fc2f-d1-n247-k25.txt;0;87256;24.0958
../instances/ORTEC-VRPTW-ASYM-e814fc2f-d1-n247-k25.txt;0;87229;27.1303
../instances/ORTEC-VRPTW-ASYM-e814fc2f-d1-n247-k25.txt;0;87032;29.7234
../instances/ORTEC-VRPTW-ASYM-e814fc2f-d1-n247-k25.txt;0;86935;31.0065
../instances/ORTEC-VRPTW-ASYM-e814fc2f-d1-n247-k25.txt;0;86639;32.3144
../instances/ORTEC-VRPTW-ASYM-e814fc2f-d1-n247-k25.txt;0;86595;32.8088
../instances/ORTEC-VRPTW-ASYM-e814fc2f-d1-n247-k25.txt;0;86504;33.3518
../instances/ORTEC-VRPTW-ASYM-e814fc2f-d1-n247-k25.txt;0;86349;33.9167
../instances/ORTEC-VRPTW-ASYM-e814fc2f-d1-n247-k25.txt;0;86277;34.8461
../instances/ORTEC-VRPTW-ASYM-e814fc2f-d1-n247-k25.txt;0;86261;35.7904
../instances/ORTEC-VRPTW-ASYM-e814fc2f-d1-n247-k25.txt;0;86252;36.5107
../instances/ORTEC-VRPTW-ASYM-e814fc2f-d1-n247-k25.txt;0;86209;37.2053
../instances/ORTEC-VRPTW-ASYM-e814fc2f-d1-n247-k25.txt;0;86197;37.6934
../instances/ORTEC-VRPTW-ASYM-e814fc2f-d1-n247-k25.txt;0;86118;38.5945
../instances/ORTEC-VRPTW-ASYM-e814fc2f-d1-n247-k25.txt;0;86058;38.9852
../instances/ORTEC-VRPTW-ASYM-e814fc2f-d1-n247-k25.txt;0;86031;39.7308
../instances/ORTEC-VRPTW-ASYM-e814fc2f-d1-n247-k25.txt;0;86029;43.6143
../instances/ORTEC-VRPTW-ASYM-e814fc2f-d1-n247-k25.txt;0;86028;43.8293
../instances/ORTEC-VRPTW-ASYM-e814fc2f-d1-n247-k25.txt;0;85973;45.6156
../instances/ORTEC-VRPTW-ASYM-e814fc2f-d1-n247-k25.txt;0;85972;45.8257
../instances/ORTEC-VRPTW-ASYM-e814fc2f-d1-n247-k25.txt;0;85878;48.6906
../instances/ORTEC-VRPTW-ASYM-e814fc2f-d1-n247-k25.txt;0;85846;49.4416
../instances/ORTEC-VRPTW-ASYM-e814fc2f-d1-n247-k25.txt;0;85840;50.1844
../instances/ORTEC-VRPTW-ASYM-e814fc2f-d1-n247-k25.txt;0;85839;50.4598
