../instances/ORTEC-VRPTW-ASYM-01829532-d1-n324-k22.txt;0;281368;0.045341
../instances/ORTEC-VRPTW-ASYM-01829532-d1-n324-k22.txt;0;273666;0.101832
../instances/ORTEC-VRPTW-ASYM-01829532-d1-n324-k22.txt;0;271385;0.148454
../instances/ORTEC-VRPTW-ASYM-01829532-d1-n324-k22.txt;0;265384;0.240757
../instances/ORTEC-VRPTW-ASYM-01829532-d1-n324-k22.txt;0;263983;1.80354
../instances/ORTEC-VRPTW-ASYM-01829532-d1-n324-k22.txt;0;263910;1.96163
../instances/ORTEC-VRPTW-ASYM-01829532-d1-n324-k22.txt;0;262174;2.42894
../instances/ORTEC-VRPTW-ASYM-01829532-d1-n324-k22.txt;0;262023;2.58706
../instances/ORTEC-VRPTW-ASYM-01829532-d1-n324-k22.txt;0;260101;3.10251
../instances/ORTEC-VRPTW-ASYM-01829532-d1-n324-k22.txt;0;258861;3.18015
../instances/ORTEC-VRPTW-ASYM-01829532-d1-n324-k22.txt;0;258089;3.4436
../instances/ORTEC-VRPTW-ASYM-01829532-d1-n324-k22.txt;0;257967;4.00033
../instances/ORTEC-VRPTW-ASYM-01829532-d1-n324-k22.txt;0;256938;4.33153
../instances/ORTEC-VRPTW-ASYM-01829532-d1-n324-k22.txt;0;254621;5.24719
../instances/ORTEC-VRPTW-ASYM-01829532-d1-n324-k22.txt;0;252464;5.65987
../instances/ORTEC-VRPTW-ASYM-01829532-d1-n324-k22.txt;0;252172;7.16026
../instances/ORTEC-VRPTW-ASYM-01829532-d1-n324-k22.txt;0;251642;7.27466
../instances/ORTEC-VRPTW-ASYM-01829532-d1-n324-k22.txt;0;250918;7.63971
../instances/ORTEC-VRPTW-ASYM-01829532-d1-n324-k22.txt;0;250681;8.71874
../instances/ORTEC-VRPTW-ASYM-01829532-d1-n324-k22.txt;0;250676;9.7583
../instances/ORTEC-VRPTW-ASYM-01829532-d1-n324-k22.txt;0;250308;9.81617
../instances/ORTEC-VRPTW-ASYM-01829532-d1-n324-k22.txt;0;250218;10.1407
../instances/ORTEC-VRPTW-ASYM-01829532-d1-n324-k22.txt;0;249952;11.3788
../instances/ORTEC-VRPTW-ASYM-01829532-d1-n324-k22.txt;0;249824;11.9811
../instances/ORTEC-VRPTW-ASYM-01829532-d1-n324-k22.txt;0;249741;12.6098
../instances/ORTEC-VRPTW-ASYM-01829532-d1-n324-k22.txt;0;249655;13.2254
../instances/ORTEC-VRPTW-ASYM-01829532-d1-n324-k22.txt;0;249611;13.5624
../instances/ORTEC-VRPTW-ASYM-01829532-d1-n324-k22.txt;0;249599;13.7579
../instances/ORTEC-VRPTW-ASYM-01829532-d1-n324-k22.txt;0;249511;13.8424
../instances/ORTEC-VRPTW-ASYM-01829532-d1-n324-k22.txt;0;249509;14.4517
../instances/ORTEC-VRPTW-ASYM-01829532-d1-n324-k22.txt;0;249397;14.5201
../instances/ORTEC-VRPTW-ASYM-01829532-d1-n324-k22.txt;0;249355;14.5825
../instances/ORTEC-VRPTW-ASYM-01829532-d1-n324-k22.txt;0;249191;14.6484
../instances/ORTEC-VRPTW-ASYM-01829532-d1-n324-k22.txt;0;249157;14.6955
../instances/ORTEC-VRPTW-ASYM-01829532-d1-n324-k22.txt;0;249118;15.7296
../instances/ORTEC-VRPTW-ASYM-01829532-d1-n324-k22.txt;0;249057;15.7551
../instances/ORTEC-VRPTW-ASYM-01829532-d1-n324-k22.txt;0;249015;16.1768
../instances/ORTEC-VRPTW-ASYM-01829532-d1-n324-k22.txt;0;248940;16.3692
../instances/ORTEC-VRPTW-ASYM-01829532-d1-n324-k22.txt;0;248925;16.456
../instances/ORTEC-VRPTW-ASYM-01829532-d1-n324-k22.txt;0;248837;16.5203
../instances/ORTEC-VRPTW-ASYM-01829532-d1-n324-k22.txt;0;248836;16.5336
../instances/ORTEC-VRPTW-ASYM-01829532-d1-n324-k22.txt;0;248711;19.6769
../instances/ORTEC-VRPTW-ASYM-01829532-d1-n324-k22.txt;0;248657;19.7431
../instances/ORTEC-VRPTW-ASYM-01829532-d1-n324-k22.txt;0;248590;24.977
../instances/ORTEC-VRPTW-ASYM-01829532-d1-n324-k22.txt;0;248564;25.026
../instances/ORTEC-VRPTW-ASYM-01829532-d1-n324-k22.txt;0;248485;150.167
../instances/ORTEC-VRPTW-ASYM-01829532-d1-n324-k22.txt;0;248395;154.563
../instances/ORTEC-VRPTW-ASYM-01829532-d1-n324-k22.txt;0;248374;155.454
../instances/ORTEC-VRPTW-ASYM-01829532-d1-n324-k22.txt;0;248306;156.595
../instances/ORTEC-VRPTW-ASYM-01829532-d1-n324-k22.txt;0;248279;157.601
../instances/ORTEC-VRPTW-ASYM-01829532-d1-n324-k22.txt;0;248068;158.131
../instances/ORTEC-VRPTW-ASYM-01829532-d1-n324-k22.txt;0;248017;162.087
../instances/ORTEC-VRPTW-ASYM-01829532-d1-n324-k22.txt;0;247931;162.877
../instances/ORTEC-VRPTW-ASYM-01829532-d1-n324-k22.txt;0;247903;165.083
../instances/ORTEC-VRPTW-ASYM-01829532-d1-n324-k22.txt;0;247883;169.882
../instances/ORTEC-VRPTW-ASYM-01829532-d1-n324-k22.txt;0;247864;171.946
../instances/ORTEC-VRPTW-ASYM-01829532-d1-n324-k22.txt;0;247861;172.942
../instances/ORTEC-VRPTW-ASYM-01829532-d1-n324-k22.txt;0;247837;173.224
../instances/ORTEC-VRPTW-ASYM-01829532-d1-n324-k22.txt;0;247813;177.841
../instances/ORTEC-VRPTW-ASYM-01829532-d1-n324-k22.txt;0;247790;179.571
../instances/ORTEC-VRPTW-ASYM-01829532-d1-n324-k22.txt;0;247789;180.983
../instances/ORTEC-VRPTW-ASYM-01829532-d1-n324-k22.txt;0;247763;184.538
../instances/ORTEC-VRPTW-ASYM-01829532-d1-n324-k22.txt;0;247729;192.446
