../instances/ORTEC-VRPTW-ASYM-0bdff870-d1-n458-k35.txt;0;291387;0.403404
../instances/ORTEC-VRPTW-ASYM-0bdff870-d1-n458-k35.txt;0;289083;2.69392
../instances/ORTEC-VRPTW-ASYM-0bdff870-d1-n458-k35.txt;0;286068;2.76874
../instances/ORTEC-VRPTW-ASYM-0bdff870-d1-n458-k35.txt;0;283385;2.91721
../instances/ORTEC-VRPTW-ASYM-0bdff870-d1-n458-k35.txt;0;278435;3.23458
../instances/ORTEC-VRPTW-ASYM-0bdff870-d1-n458-k35.txt;0;277194;4.04425
../instances/ORTEC-VRPTW-ASYM-0bdff870-d1-n458-k35.txt;0;274918;4.42714
../instances/ORTEC-VRPTW-ASYM-0bdff870-d1-n458-k35.txt;0;274868;5.66904
../instances/ORTEC-VRPTW-ASYM-0bdff870-d1-n458-k35.txt;0;274722;6.85635
../instances/ORTEC-VRPTW-ASYM-0bdff870-d1-n458-k35.txt;0;273293;6.86235
../instances/ORTEC-VRPTW-ASYM-0bdff870-d1-n458-k35.txt;0;271880;7.10813
../instances/ORTEC-VRPTW-ASYM-0bdff870-d1-n458-k35.txt;0;270508;8.50491
../instances/ORTEC-VRPTW-ASYM-0bdff870-d1-n458-k35.txt;0;270236;8.56199
../instances/ORTEC-VRPTW-ASYM-0bdff870-d1-n458-k35.txt;0;269847;9.12848
../instances/ORTEC-VRPTW-ASYM-0bdff870-d1-n458-k35.txt;0;269031;9.27929
../instances/ORTEC-VRPTW-ASYM-0bdff870-d1-n458-k35.txt;0;268403;9.63856
../instances/ORTEC-VRPTW-ASYM-0bdff870-d1-n458-k35.txt;0;267624;11.8099
../instances/ORTEC-VRPTW-ASYM-0bdff870-d1-n458-k35.txt;0;267295;13.2419
../instances/ORTEC-VRPTW-ASYM-0bdff870-d1-n458-k35.txt;0;266889;14.6176
../instances/ORTEC-VRPTW-ASYM-0bdff870-d1-n458-k35.txt;0;266410;15.8784
../instances/ORTEC-VRPTW-ASYM-0bdff870-d1-n458-k35.txt;0;266049;16.6669
../instances/ORTEC-VRPTW-ASYM-0bdff870-d1-n458-k35.txt;0;265697;17.2934
../instances/ORTEC-VRPTW-ASYM-0bdff870-d1-n458-k35.txt;0;265032;18.0741
../instances/ORTEC-VRPTW-ASYM-0bdff870-d1-n458-k35.txt;0;264713;20.2515
../instances/ORTEC-VRPTW-ASYM-0bdff870-d1-n458-k35.txt;0;264681;21.7315
../instances/ORTEC-VRPTW-ASYM-0bdff870-d1-n458-k35.txt;0;264478;21.9218
../instances/ORTEC-VRPTW-ASYM-0bdff870-d1-n458-k35.txt;0;264285;22.8205
../instances/ORTEC-VRPTW-ASYM-0bdff870-d1-n458-k35.txt;0;264118;23.232
../instances/ORTEC-VRPTW-ASYM-0bdff870-d1-n458-k35.txt;0;263960;23.6566
../instances/ORTEC-VRPTW-ASYM-0bdff870-d1-n458-k35.txt;0;263795;24.2806
../instances/ORTEC-VRPTW-ASYM-0bdff870-d1-n458-k35.txt;0;263375;24.7157
../instances/ORTEC-VRPTW-ASYM-0bdff870-d1-n458-k35.txt;0;263345;25.3619
../instances/ORTEC-VRPTW-ASYM-0bdff870-d1-n458-k35.txt;0;263020;26.6259
../instances/ORTEC-VRPTW-ASYM-0bdff870-d1-n458-k35.txt;0;262963;26.6985
../instances/ORTEC-VRPTW-ASYM-0bdff870-d1-n458-k35.txt;0;262818;28.8898
../instances/ORTEC-VRPTW-ASYM-0bdff870-d1-n458-k35.txt;0;262664;30.4522
../instances/ORTEC-VRPTW-ASYM-0bdff870-d1-n458-k35.txt;0;262607;32.0445
../instances/ORTEC-VRPTW-ASYM-0bdff870-d1-n458-k35.txt;0;262462;32.3368
../instances/ORTEC-VRPTW-ASYM-0bdff870-d1-n458-k35.txt;0;262400;34.8109
../instances/ORTEC-VRPTW-ASYM-0bdff870-d1-n458-k35.txt;0;262309;35.1197
../instances/ORTEC-VRPTW-ASYM-0bdff870-d1-n458-k35.txt;0;261899;35.3316
../instances/ORTEC-VRPTW-ASYM-0bdff870-d1-n458-k35.txt;0;261829;36.1056
../instances/ORTEC-VRPTW-ASYM-0bdff870-d1-n458-k35.txt;0;261537;38.4007
../instances/ORTEC-VRPTW-ASYM-0bdff870-d1-n458-k35.txt;0;261415;38.6147
../instances/ORTEC-VRPTW-ASYM-0bdff870-d1-n458-k35.txt;0;261272;40.4959
../instances/ORTEC-VRPTW-ASYM-0bdff870-d1-n458-k35.txt;0;261119;42.158
../instances/ORTEC-VRPTW-ASYM-0bdff870-d1-n458-k35.txt;0;261117;42.2289
../instances/ORTEC-VRPTW-ASYM-0bdff870-d1-n458-k35.txt;0;260956;42.6999
../instances/ORTEC-VRPTW-ASYM-0bdff870-d1-n458-k35.txt;0;260812;43.6357
../instances/ORTEC-VRPTW-ASYM-0bdff870-d1-n458-k35.txt;0;260755;44.8702
../instances/ORTEC-VRPTW-ASYM-0bdff870-d1-n458-k35.txt;0;260660;44.9806
../instances/ORTEC-VRPTW-ASYM-0bdff870-d1-n458-k35.txt;0;260499;45.5564
../instances/ORTEC-VRPTW-ASYM-0bdff870-d1-n458-k35.txt;0;260466;46.5379
../instances/ORTEC-VRPTW-ASYM-0bdff870-d1-n458-k35.txt;0;260453;46.9384
../instances/ORTEC-VRPTW-ASYM-0bdff870-d1-n458-k35.txt;0;260365;48.1659
../instances/ORTEC-VRPTW-ASYM-0bdff870-d1-n458-k35.txt;0;260248;50.3684
../instances/ORTEC-VRPTW-ASYM-0bdff870-d1-n458-k35.txt;0;260244;50.4782
../instances/ORTEC-VRPTW-ASYM-0bdff870-d1-n458-k35.txt;0;260235;51.0828
../instances/ORTEC-VRPTW-ASYM-0bdff870-d1-n458-k35.txt;0;260199;52.8391
../instances/ORTEC-VRPTW-ASYM-0bdff870-d1-n458-k35.txt;0;260195;53.4126
../instances/ORTEC-VRPTW-ASYM-0bdff870-d1-n458-k35.txt;0;260186;53.4325
../instances/ORTEC-VRPTW-ASYM-0bdff870-d1-n458-k35.txt;0;259967;54.9297
../instances/ORTEC-VRPTW-ASYM-0bdff870-d1-n458-k35.txt;0;259965;59.5513
../instances/ORTEC-VRPTW-ASYM-0bdff870-d1-n458-k35.txt;0;259942;72.3946
../instances/ORTEC-VRPTW-ASYM-0bdff870-d1-n458-k35.txt;0;259931;72.4959
../instances/ORTEC-VRPTW-ASYM-0bdff870-d1-n458-k35.txt;0;259878;73.5234
../instances/ORTEC-VRPTW-ASYM-0bdff870-d1-n458-k35.txt;0;259867;74.9415
../instances/ORTEC-VRPTW-ASYM-0bdff870-d1-n458-k35.txt;0;259858;75.4813
../instances/ORTEC-VRPTW-ASYM-0bdff870-d1-n458-k35.txt;0;259631;83.4078
../instances/ORTEC-VRPTW-ASYM-0bdff870-d1-n458-k35.txt;0;259628;84.5517
../instances/ORTEC-VRPTW-ASYM-0bdff870-d1-n458-k35.txt;0;259615;89.5741
../instances/ORTEC-VRPTW-ASYM-0bdff870-d1-n458-k35.txt;0;259403;96.7307
../instances/ORTEC-VRPTW-ASYM-0bdff870-d1-n458-k35.txt;0;259392;98.6553
