../instances/ORTEC-VRPTW-ASYM-b201abbb-d1-n360-k24.txt;0;139511;0.073118
../instances/ORTEC-VRPTW-ASYM-b201abbb-d1-n360-k24.txt;0;136962;0.163695
../instances/ORTEC-VRPTW-ASYM-b201abbb-d1-n360-k24.txt;0;136825;2.53829
../instances/ORTEC-VRPTW-ASYM-b201abbb-d1-n360-k24.txt;0;136380;2.73434
../instances/ORTEC-VRPTW-ASYM-b201abbb-d1-n360-k24.txt;0;135789;3.08774
../instances/ORTEC-VRPTW-ASYM-b201abbb-d1-n360-k24.txt;0;135343;4.02388
../instances/ORTEC-VRPTW-ASYM-b201abbb-d1-n360-k24.txt;0;134785;4.57462
../instances/ORTEC-VRPTW-ASYM-b201abbb-d1-n360-k24.txt;0;134031;6.10903
../instances/ORTEC-VRPTW-ASYM-b201abbb-d1-n360-k24.txt;0;133989;8.63752
../instances/ORTEC-VRPTW-ASYM-b201abbb-d1-n360-k24.txt;0;133467;8.91858
../instances/ORTEC-VRPTW-ASYM-b201abbb-d1-n360-k24.txt;0;133264;9.2942
../instances/ORTEC-VRPTW-ASYM-b201abbb-d1-n360-k24.txt;0;132869;10.4475
../instances/ORTEC-VRPTW-ASYM-b201abbb-d1-n360-k24.txt;0;132827;10.739
../instances/ORTEC-VRPTW-ASYM-b201abbb-d1-n360-k24.txt;0;132705;11.6225
../instances/ORTEC-VRPTW-ASYM-b201abbb-d1-n360-k24.txt;0;132541;13.6082
../instances/ORTEC-VRPTW-ASYM-b201abbb-d1-n360-k24.txt;0;131563;13.9781
../instances/ORTEC-VRPTW-ASYM-b201abbb-d1-n360-k24.txt;0;131514;14.0611
../instances/ORTEC-VRPTW-ASYM-b201abbb-d1-n360-k24.txt;0;131444;14.731
../instances/ORTEC-VRPTW-ASYM-b201abbb-d1-n360-k24.txt;0;131402;15.977
../instances/ORTEC-VRPTW-ASYM-b201abbb-d1-n360-k24.txt;0;131126;17.0075
../instances/ORTEC-VRPTW-ASYM-b201abbb-d1-n360-k24.txt;0;130960;17.0313
../instances/ORTEC-VRPTW-ASYM-b201abbb-d1-n360-k24.txt;0;130863;17.297
../instances/ORTEC-VRPTW-ASYM-b201abbb-d1-n360-k24.txt;0;130679;19.0573
../instances/ORTEC-VRPTW-ASYM-b201abbb-d1-n360-k24.txt;0;130624;19.0882
../instances/ORTEC-VRPTW-ASYM-b201abbb-d1-n360-k24.txt;0;130572;20.5372
../instances/ORTEC-VRPTW-ASYM-b201abbb-d1-n360-k24.txt;0;130455;21.555
../instances/ORTEC-VRPTW-ASYM-b201abbb-d1-n360-k24.txt;0;129997;23.1406
../instances/ORTEC-VRPTW-ASYM-b201abbb-d1-n360-k24.txt;0;129949;28.0797
../instances/ORTEC-VRPTW-ASYM-b201abbb-d1-n360-k24.txt;0;129808;32.3493
../instances/ORTEC-VRPTW-ASYM-b201abbb-d1-n360-k24.txt;0;129661;33.0686
../instances/ORTEC-VRPTW-ASYM-b201abbb-d1-n360-k24.txt;0;129619;35.5993
../instances/ORTEC-VRPTW-ASYM-b201abbb-d1-n360-k24.txt;0;129596;37.4128
../instances/ORTEC-VRPTW-ASYM-b201abbb-d1-n360-k24.txt;0;129481;40.8522
../instances/ORTEC-VRPTW-ASYM-b201abbb-d1-n360-k24.txt;0;129423;41.5028
../instances/ORTEC-VRPTW-ASYM-b201abbb-d1-n360-k24.txt;0;129398;43.5099
../instances/ORTEC-VRPTW-ASYM-b201abbb-d1-n360-k24.txt;0;129179;43.6459
../instances/ORTEC-VRPTW-ASYM-b201abbb-d1-n360-k24.txt;0;129163;45.965
../instances/ORTEC-VRPTW-ASYM-b201abbb-d1-n360-k24.txt;0;129047;47.0196
../instances/ORTEC-VRPTW-ASYM-b201abbb-d1-n360-k24.txt;0;129046;50.5195
../instances/ORTEC-VRPTW-ASYM-b201abbb-d1-n360-k24.txt;0;129009;50.5853
../instances/ORTEC-VRPTW-ASYM-b201abbb-d1-n360-k24.txt;0;128970;54.865
../instances/ORTEC-VRPTW-ASYM-b201abbb-d1-n360-k24.txt;0;128884;56.5035
../instances/ORTEC-VRPTW-ASYM-b201abbb-d1-n360-k24.txt;0;128860;56.8863
../instances/ORTEC-VRPTW-ASYM-b201abbb-d1-n360-k24.txt;0;128845;57.3506
../instances/ORTEC-VRPTW-ASYM-b201abbb-d1-n360-k24.txt;0;128643;58.3292
../instances/ORTEC-VRPTW-ASYM-b201abbb-d1-n360-k24.txt;0;128585;60.6985
../instances/ORTEC-VRPTW-ASYM-b201abbb-d1-n360-k24.txt;0;128532;61.7236
../instances/ORTEC-VRPTW-ASYM-b201abbb-d1-n360-k24.txt;0;128509;63.6705
../instances/ORTEC-VRPTW-ASYM-b201abbb-d1-n360-k24.txt;0;128503;64.6276
../instances/ORTEC-VRPTW-ASYM-b201abbb-d1-n360-k24.txt;0;128493;67.7674
../instances/ORTEC-VRPTW-ASYM-b201abbb-d1-n360-k24.txt;0;128424;69.0309
../instances/ORTEC-VRPTW-ASYM-b201abbb-d1-n360-k24.txt;0;128418;70.1407
../instances/ORTEC-VRPTW-ASYM-b201abbb-d1-n360-k24.txt;0;128408;71.1317
../instances/ORTEC-VRPTW-ASYM-b201abbb-d1-n360-k24.txt;0;128384;228.591
../instances/ORTEC-VRPTW-ASYM-b201abbb-d1-n360-k24.txt;0;128381;371.858
../instances/ORTEC-VRPTW-ASYM-b201abbb-d1-n360-k24.txt;0;128335;418.383
../instances/ORTEC-VRPTW-ASYM-b201abbb-d1-n360-k24.txt;0;128315;465.327
