../instances/ORTEC-VRPTW-ASYM-d708f094-d1-n300-k18.txt;0;187990;0.105138
../instances/ORTEC-VRPTW-ASYM-d708f094-d1-n300-k18.txt;0;182494;0.201588
../instances/ORTEC-VRPTW-ASYM-d708f094-d1-n300-k18.txt;0;180397;0.391486
../instances/ORTEC-VRPTW-ASYM-d708f094-d1-n300-k18.txt;0;179680;1.7404
../instances/ORTEC-VRPTW-ASYM-d708f094-d1-n300-k18.txt;0;178439;1.74729
../instances/ORTEC-VRPTW-ASYM-d708f094-d1-n300-k18.txt;0;178413;2.23861
../instances/ORTEC-VRPTW-ASYM-d708f094-d1-n300-k18.txt;0;178338;2.26411
../instances/ORTEC-VRPTW-ASYM-d708f094-d1-n300-k18.txt;0;178091;2.29489
../instances/ORTEC-VRPTW-ASYM-d708f094-d1-n300-k18.txt;0;177567;2.31322
../instances/ORTEC-VRPTW-ASYM-d708f094-d1-n300-k18.txt;0;176686;2.40163
../instances/ORTEC-VRPTW-ASYM-d708f094-d1-n300-k18.txt;0;174962;2.6286
../instances/ORTEC-VRPTW-ASYM-d708f094-d1-n300-k18.txt;0;174455;3.22143
../instances/ORTEC-VRPTW-ASYM-d708f094-d1-n300-k18.txt;0;173759;3.81533
../instances/ORTEC-VRPTW-ASYM-d708f094-d1-n300-k18.txt;0;173285;4.00318
../instances/ORTEC-VRPTW-ASYM-d708f094-d1-n300-k18.txt;0;171713;4.47894
../instances/ORTEC-VRPTW-ASYM-d708f094-d1-n300-k18.txt;0;171671;4.93239
../instances/ORTEC-VRPTW-ASYM-d708f094-d1-n300-k18.txt;0;170658;5.85435
../instances/ORTEC-VRPTW-ASYM-d708f094-d1-n300-k18.txt;0;170651;7.0324
../instances/ORTEC-VRPTW-ASYM-d708f094-d1-n300-k18.txt;0;170048;7.40902
../instances/ORTEC-VRPTW-ASYM-d708f094-d1-n300-k18.txt;0;169928;7.64543
../instances/ORTEC-VRPTW-ASYM-d708f094-d1-n300-k18.txt;0;169034;8.75989
../instances/ORTEC-VRPTW-ASYM-d708f094-d1-n300-k18.txt;0;168841;8.99458
../instances/ORTEC-VRPTW-ASYM-d708f094-d1-n300-k18.txt;0;168726;11.0797
../instances/ORTEC-VRPTW-ASYM-d708f094-d1-n300-k18.txt;0;168491;11.5002
../instances/ORTEC-VRPTW-ASYM-d708f094-d1-n300-k18.txt;0;168446;12.3573
../instances/ORTEC-VRPTW-ASYM-d708f094-d1-n300-k18.txt;0;168370;12.8587
../instances/ORTEC-VRPTW-ASYM-d708f094-d1-n300-k18.txt;0;168356;13.9246
../instances/ORTEC-VRPTW-ASYM-d708f094-d1-n300-k18.txt;0;168211;13.9419
../instances/ORTEC-VRPTW-ASYM-d708f094-d1-n300-k18.txt;0;168166;15.3228
../instances/ORTEC-VRPTW-ASYM-d708f094-d1-n300-k18.txt;0;168116;15.7582
../instances/ORTEC-VRPTW-ASYM-d708f094-d1-n300-k18.txt;0;167971;16.3755
../instances/ORTEC-VRPTW-ASYM-d708f094-d1-n300-k18.txt;0;167968;21.4062
../instances/ORTEC-VRPTW-ASYM-d708f094-d1-n300-k18.txt;0;167964;21.9505
../instances/ORTEC-VRPTW-ASYM-d708f094-d1-n300-k18.txt;0;167921;24.6039
../instances/ORTEC-VRPTW-ASYM-d708f094-d1-n300-k18.txt;0;167815;26.6454
../instances/ORTEC-VRPTW-ASYM-d708f094-d1-n300-k18.txt;0;167787;31.316
../instances/ORTEC-VRPTW-ASYM-d708f094-d1-n300-k18.txt;0;167588;33.3633
../instances/ORTEC-VRPTW-ASYM-d708f094-d1-n300-k18.txt;0;167542;34.0711
../instances/ORTEC-VRPTW-ASYM-d708f094-d1-n300-k18.txt;0;167520;35.0964
../instances/ORTEC-VRPTW-ASYM-d708f094-d1-n300-k18.txt;0;167503;37.2872
../instances/ORTEC-VRPTW-ASYM-d708f094-d1-n300-k18.txt;0;167455;39.5475
../instances/ORTEC-VRPTW-ASYM-d708f094-d1-n300-k18.txt;0;167425;48.6355
../instances/ORTEC-VRPTW-ASYM-d708f094-d1-n300-k18.txt;0;167424;49.4179
../instances/ORTEC-VRPTW-ASYM-d708f094-d1-n300-k18.txt;0;167413;49.447
../instances/ORTEC-VRPTW-ASYM-d708f094-d1-n300-k18.txt;0;167313;50.9848
../instances/ORTEC-VRPTW-ASYM-d708f094-d1-n300-k18.txt;0;167296;53.5697
../instances/ORTEC-VRPTW-ASYM-d708f094-d1-n300-k18.txt;0;167293;58.8488
../instances/ORTEC-VRPTW-ASYM-d708f094-d1-n300-k18.txt;0;167292;58.949
../instances/ORTEC-VRPTW-ASYM-d708f094-d1-n300-k18.txt;0;167264;69.4021
../instances/ORTEC-VRPTW-ASYM-d708f094-d1-n300-k18.txt;0;167255;86.0783
../instances/ORTEC-VRPTW-ASYM-d708f094-d1-n300-k18.txt;0;167251;87.9611
../instances/ORTEC-VRPTW-ASYM-d708f094-d1-n300-k18.txt;0;167223;90.3786
../instances/ORTEC-VRPTW-ASYM-d708f094-d1-n300-k18.txt;0;167169;93.6903
../instances/ORTEC-VRPTW-ASYM-d708f094-d1-n300-k18.txt;0;167157;103.068
../instances/ORTEC-VRPTW-ASYM-d708f094-d1-n300-k18.txt;0;167150;105.903
../instances/ORTEC-VRPTW-ASYM-d708f094-d1-n300-k18.txt;0;167062;117.74
../instances/ORTEC-VRPTW-ASYM-d708f094-d1-n300-k18.txt;0;166906;118.577
../instances/ORTEC-VRPTW-ASYM-d708f094-d1-n300-k18.txt;0;166865;120.331
../instances/ORTEC-VRPTW-ASYM-d708f094-d1-n300-k18.txt;0;166864;120.429
../instances/ORTEC-VRPTW-ASYM-d708f094-d1-n300-k18.txt;0;166854;121.321
../instances/ORTEC-VRPTW-ASYM-d708f094-d1-n300-k18.txt;0;166853;121.573
../instances/ORTEC-VRPTW-ASYM-d708f094-d1-n300-k18.txt;0;166848;133.152
../instances/ORTEC-VRPTW-ASYM-d708f094-d1-n300-k18.txt;0;166786;136.52
../instances/ORTEC-VRPTW-ASYM-d708f094-d1-n300-k18.txt;0;166758;200.827
