../instances/ORTEC-VRPTW-ASYM-50d1f78d-d1-n329-k19.txt;0;250404;2.76589
../instances/ORTEC-VRPTW-ASYM-50d1f78d-d1-n329-k19.txt;0;242750;3.22838
../instances/ORTEC-VRPTW-ASYM-50d1f78d-d1-n329-k19.txt;0;242049;3.26595
../instances/ORTEC-VRPTW-ASYM-50d1f78d-d1-n329-k19.txt;0;239572;3.62309
../instances/ORTEC-VRPTW-ASYM-50d1f78d-d1-n329-k19.txt;0;239547;4.02187
../instances/ORTEC-VRPTW-ASYM-50d1f78d-d1-n329-k19.txt;0;239271;4.3779
../instances/ORTEC-VRPTW-ASYM-50d1f78d-d1-n329-k19.txt;0;237845;4.48012
../instances/ORTEC-VRPTW-ASYM-50d1f78d-d1-n329-k19.txt;0;236528;4.68203
../instances/ORTEC-VRPTW-ASYM-50d1f78d-d1-n329-k19.txt;0;236334;5.04079
../instances/ORTEC-VRPTW-ASYM-50d1f78d-d1-n329-k19.txt;0;235102;5.71056
../instances/ORTEC-VRPTW-ASYM-50d1f78d-d1-n329-k19.txt;0;234948;6.48357
../instances/ORTEC-VRPTW-ASYM-50d1f78d-d1-n329-k19.txt;0;234827;7.35694
../instances/ORTEC-VRPTW-ASYM-50d1f78d-d1-n329-k19.txt;0;233678;7.60016
../instances/ORTEC-VRPTW-ASYM-50d1f78d-d1-n329-k19.txt;0;233240;9.98618
../instances/ORTEC-VRPTW-ASYM-50d1f78d-d1-n329-k19.txt;0;232719;10.4219
../instances/ORTEC-VRPTW-ASYM-50d1f78d-d1-n329-k19.txt;0;232218;11.2959
../instances/ORTEC-VRPTW-ASYM-50d1f78d-d1-n329-k19.txt;0;231595;11.5189
../instances/ORTEC-VRPTW-ASYM-50d1f78d-d1-n329-k19.txt;0;231392;12.5305
../instances/ORTEC-VRPTW-ASYM-50d1f78d-d1-n329-k19.txt;0;230354;12.6906
../instances/ORTEC-VRPTW-ASYM-50d1f78d-d1-n329-k19.txt;0;230304;14.1203
../instances/ORTEC-VRPTW-ASYM-50d1f78d-d1-n329-k19.txt;0;229847;14.388
../instances/ORTEC-VRPTW-ASYM-50d1f78d-d1-n329-k19.txt;0;229675;14.6259
../instances/ORTEC-VRPTW-ASYM-50d1f78d-d1-n329-k19.txt;0;229662;16.8838
../instances/ORTEC-VRPTW-ASYM-50d1f78d-d1-n329-k19.txt;0;229444;16.885
../instances/ORTEC-VRPTW-ASYM-50d1f78d-d1-n329-k19.txt;0;229037;18.1149
../instances/ORTEC-VRPTW-ASYM-50d1f78d-d1-n329-k19.txt;0;228932;18.429
../instances/ORTEC-VRPTW-ASYM-50d1f78d-d1-n329-k19.txt;0;228435;18.4414
../instances/ORTEC-VRPTW-ASYM-50d1f78d-d1-n329-k19.txt;0;227600;19.1472
../instances/ORTEC-VRPTW-ASYM-50d1f78d-d1-n329-k19.txt;0;227561;21.2278
../instances/ORTEC-VRPTW-ASYM-50d1f78d-d1-n329-k19.txt;0;227558;22.9159
../instances/ORTEC-VRPTW-ASYM-50d1f78d-d1-n329-k19.txt;0;227519;23.2478
../instances/ORTEC-VRPTW-ASYM-50d1f78d-d1-n329-k19.txt;0;227500;24.447
../instances/ORTEC-VRPTW-ASYM-50d1f78d-d1-n329-k19.txt;0;227490;24.6755
../instances/ORTEC-VRPTW-ASYM-50d1f78d-d1-n329-k19.txt;0;227475;25.6611
../instances/ORTEC-VRPTW-ASYM-50d1f78d-d1-n329-k19.txt;0;227426;25.7518
../instances/ORTEC-VRPTW-ASYM-50d1f78d-d1-n329-k19.txt;0;227407;27.2059
../instances/ORTEC-VRPTW-ASYM-50d1f78d-d1-n329-k19.txt;0;227399;27.5361
../instances/ORTEC-VRPTW-ASYM-50d1f78d-d1-n329-k19.txt;0;227351;28.4118
../instances/ORTEC-VRPTW-ASYM-50d1f78d-d1-n329-k19.txt;0;227331;30.0192
../instances/ORTEC-VRPTW-ASYM-50d1f78d-d1-n329-k19.txt;0;227316;34.9377
../instances/ORTEC-VRPTW-ASYM-50d1f78d-d1-n329-k19.txt;0;227315;45.1492
../instances/ORTEC-VRPTW-ASYM-50d1f78d-d1-n329-k19.txt;0;227304;46.1423
../instances/ORTEC-VRPTW-ASYM-50d1f78d-d1-n329-k19.txt;0;227288;58.5738
