../instances/ORTEC-VRPTW-ASYM-9d100d94-d1-n409-k25.txt;0;264487;0.08792
../instances/ORTEC-VRPTW-ASYM-9d100d94-d1-n409-k25.txt;0;264212;0.906687
../instances/ORTEC-VRPTW-ASYM-9d100d94-d1-n409-k25.txt;0;261626;0.953725
../instances/ORTEC-VRPTW-ASYM-9d100d94-d1-n409-k25.txt;0;261207;1.94095
../instances/ORTEC-VRPTW-ASYM-9d100d94-d1-n409-k25.txt;0;257729;2.26928
../instances/ORTEC-VRPTW-ASYM-9d100d94-d1-n409-k25.txt;0;256402;2.8159
../instances/ORTEC-VRPTW-ASYM-9d100d94-d1-n409-k25.txt;0;253142;2.91667
../instances/ORTEC-VRPTW-ASYM-9d100d94-d1-n409-k25.txt;0;252755;2.93546
../instances/ORTEC-VRPTW-ASYM-9d100d94-d1-n409-k25.txt;0;252091;2.94765
../instances/ORTEC-VRPTW-ASYM-9d100d94-d1-n409-k25.txt;0;250376;3.08039
../instances/ORTEC-VRPTW-ASYM-9d100d94-d1-n409-k25.txt;0;249344;4.01705
../instances/ORTEC-VRPTW-ASYM-9d100d94-d1-n409-k25.txt;0;248371;4.56262
../instances/ORTEC-VRPTW-ASYM-9d100d94-d1-n409-k25.txt;0;247431;4.98639
../instances/ORTEC-VRPTW-ASYM-9d100d94-d1-n409-k25.txt;0;247376;5.62309
../instances/ORTEC-VRPTW-ASYM-9d100d94-d1-n409-k25.txt;0;245310;5.68465
../instances/ORTEC-VRPTW-ASYM-9d100d94-d1-n409-k25.txt;0;245172;6.89147
../instances/ORTEC-VRPTW-ASYM-9d100d94-d1-n409-k25.txt;0;244624;7.01647
../instances/ORTEC-VRPTW-ASYM-9d100d94-d1-n409-k25.txt;0;243872;8.62219
../instances/ORTEC-VRPTW-ASYM-9d100d94-d1-n409-k25.txt;0;242245;9.21109
../instances/ORTEC-VRPTW-ASYM-9d100d94-d1-n409-k25.txt;0;241885;10.2274
../instances/ORTEC-VRPTW-ASYM-9d100d94-d1-n409-k25.txt;0;241685;10.5327
../instances/ORTEC-VRPTW-ASYM-9d100d94-d1-n409-k25.txt;0;241577;10.9475
../instances/ORTEC-VRPTW-ASYM-9d100d94-d1-n409-k25.txt;0;241433;11.0603
../instances/ORTEC-VRPTW-ASYM-9d100d94-d1-n409-k25.txt;0;241339;12.4245
../instances/ORTEC-VRPTW-ASYM-9d100d94-d1-n409-k25.txt;0;241101;12.6472
../instances/ORTEC-VRPTW-ASYM-9d100d94-d1-n409-k25.txt;0;241064;13.0434
../instances/ORTEC-VRPTW-ASYM-9d100d94-d1-n409-k25.txt;0;240828;14.5957
../instances/ORTEC-VRPTW-ASYM-9d100d94-d1-n409-k25.txt;0;240653;15.7364
../instances/ORTEC-VRPTW-ASYM-9d100d94-d1-n409-k25.txt;0;240381;15.8317
../instances/ORTEC-VRPTW-ASYM-9d100d94-d1-n409-k25.txt;0;240060;16.2251
../instances/ORTEC-VRPTW-ASYM-9d100d94-d1-n409-k25.txt;0;239890;16.8806
../instances/ORTEC-VRPTW-ASYM-9d100d94-d1-n409-k25.txt;0;239820;17.8279
../instances/ORTEC-VRPTW-ASYM-9d100d94-d1-n409-k25.txt;0;239446;17.9453
../instances/ORTEC-VRPTW-ASYM-9d100d94-d1-n409-k25.txt;0;239291;20.7792
../instances/ORTEC-VRPTW-ASYM-9d100d94-d1-n409-k25.txt;0;239034;20.9012
../instances/ORTEC-VRPTW-ASYM-9d100d94-d1-n409-k25.txt;0;238700;21.6201
../instances/ORTEC-VRPTW-ASYM-9d100d94-d1-n409-k25.txt;0;238676;24.7928
../instances/ORTEC-VRPTW-ASYM-9d100d94-d1-n409-k25.txt;0;238567;26.4561
../instances/ORTEC-VRPTW-ASYM-9d100d94-d1-n409-k25.txt;0;238397;27.0207
../instances/ORTEC-VRPTW-ASYM-9d100d94-d1-n409-k25.txt;0;238386;29.875
../instances/ORTEC-VRPTW-ASYM-9d100d94-d1-n409-k25.txt;0;238382;32.9159
../instances/ORTEC-VRPTW-ASYM-9d100d94-d1-n409-k25.txt;0;238326;33.2487
../instances/ORTEC-VRPTW-ASYM-9d100d94-d1-n409-k25.txt;0;238321;37.3643
../instances/ORTEC-VRPTW-ASYM-9d100d94-d1-n409-k25.txt;0;238316;37.3661
../instances/ORTEC-VRPTW-ASYM-9d100d94-d1-n409-k25.txt;0;238308;38.3988
../instances/ORTEC-VRPTW-ASYM-9d100d94-d1-n409-k25.txt;0;238293;43.5211
../instances/ORTEC-VRPTW-ASYM-9d100d94-d1-n409-k25.txt;0;238269;44.0085
../instances/ORTEC-VRPTW-ASYM-9d100d94-d1-n409-k25.txt;0;238141;44.0635
../instances/ORTEC-VRPTW-ASYM-9d100d94-d1-n409-k25.txt;0;237905;44.8839
../instances/ORTEC-VRPTW-ASYM-9d100d94-d1-n409-k25.txt;0;237846;48.5766
../instances/ORTEC-VRPTW-ASYM-9d100d94-d1-n409-k25.txt;0;237822;48.731
../instances/ORTEC-VRPTW-ASYM-9d100d94-d1-n409-k25.txt;0;237746;50.1194
../instances/ORTEC-VRPTW-ASYM-9d100d94-d1-n409-k25.txt;0;237739;52.0916
../instances/ORTEC-VRPTW-ASYM-9d100d94-d1-n409-k25.txt;0;237727;52.7332
../instances/ORTEC-VRPTW-ASYM-9d100d94-d1-n409-k25.txt;0;237714;53.471
../instances/ORTEC-VRPTW-ASYM-9d100d94-d1-n409-k25.txt;0;237711;54.1227
../instances/ORTEC-VRPTW-ASYM-9d100d94-d1-n409-k25.txt;0;237694;56.1226
../instances/ORTEC-VRPTW-ASYM-9d100d94-d1-n409-k25.txt;0;237578;145.466
../instances/ORTEC-VRPTW-ASYM-9d100d94-d1-n409-k25.txt;0;237430;145.552
../instances/ORTEC-VRPTW-ASYM-9d100d94-d1-n409-k25.txt;0;237419;145.922
../instances/ORTEC-VRPTW-ASYM-9d100d94-d1-n409-k25.txt;0;237232;146.695
../instances/ORTEC-VRPTW-ASYM-9d100d94-d1-n409-k25.txt;0;237221;150.024
../instances/ORTEC-VRPTW-ASYM-9d100d94-d1-n409-k25.txt;0;237218;181.522
