../instances/ORTEC-VRPTW-ASYM-e7835db2-d1-n650-k42.txt;0;380556;0.713835
../instances/ORTEC-VRPTW-ASYM-e7835db2-d1-n650-k42.txt;0;379128;2.39297
../instances/ORTEC-VRPTW-ASYM-e7835db2-d1-n650-k42.txt;0;376481;4.15951
../instances/ORTEC-VRPTW-ASYM-e7835db2-d1-n650-k42.txt;0;372984;4.66058
../instances/ORTEC-VRPTW-ASYM-e7835db2-d1-n650-k42.txt;0;372457;4.71718
../instances/ORTEC-VRPTW-ASYM-e7835db2-d1-n650-k42.txt;0;366033;4.73136
../instances/ORTEC-VRPTW-ASYM-e7835db2-d1-n650-k42.txt;0;364195;4.83006
../instances/ORTEC-VRPTW-ASYM-e7835db2-d1-n650-k42.txt;0;361057;4.84692
../instances/ORTEC-VRPTW-ASYM-e7835db2-d1-n650-k42.txt;0;360239;5.06933
../instances/ORTEC-VRPTW-ASYM-e7835db2-d1-n650-k42.txt;0;359329;5.63564
../instances/ORTEC-VRPTW-ASYM-e7835db2-d1-n650-k42.txt;0;358182;6.25433
../instances/ORTEC-VRPTW-ASYM-e7835db2-d1-n650-k42.txt;0;356438;6.5765
../instances/ORTEC-VRPTW-ASYM-e7835db2-d1-n650-k42.txt;0;353472;6.91984
../instances/ORTEC-VRPTW-ASYM-e7835db2-d1-n650-k42.txt;0;350590;8.5197
../instances/ORTEC-VRPTW-ASYM-e7835db2-d1-n650-k42.txt;0;349268;9.31188
../instances/ORTEC-VRPTW-ASYM-e7835db2-d1-n650-k42.txt;0;349028;11.4118
../instances/ORTEC-VRPTW-ASYM-e7835db2-d1-n650-k42.txt;0;347021;11.7866
../instances/ORTEC-VRPTW-ASYM-e7835db2-d1-n650-k42.txt;0;345794;12.3577
../instances/ORTEC-VRPTW-ASYM-e7835db2-d1-n650-k42.txt;0;345709;13.8818
../instances/ORTEC-VRPTW-ASYM-e7835db2-d1-n650-k42.txt;0;345129;14.2701
../instances/ORTEC-VRPTW-ASYM-e7835db2-d1-n650-k42.txt;0;344999;15.036
../instances/ORTEC-VRPTW-ASYM-e7835db2-d1-n650-k42.txt;0;343608;15.2134
../instances/ORTEC-VRPTW-ASYM-e7835db2-d1-n650-k42.txt;0;343512;15.9363
../instances/ORTEC-VRPTW-ASYM-e7835db2-d1-n650-k42.txt;0;341984;16.0805
../instances/ORTEC-VRPTW-ASYM-e7835db2-d1-n650-k42.txt;0;341351;19.0996
../instances/ORTEC-VRPTW-ASYM-e7835db2-d1-n650-k42.txt;0;341287;19.6353
../instances/ORTEC-VRPTW-ASYM-e7835db2-d1-n650-k42.txt;0;341152;20.4585
../instances/ORTEC-VRPTW-ASYM-e7835db2-d1-n650-k42.txt;0;340759;20.9652
../instances/ORTEC-VRPTW-ASYM-e7835db2-d1-n650-k42.txt;0;340202;22.8019
../instances/ORTEC-VRPTW-ASYM-e7835db2-d1-n650-k42.txt;0;340077;24.536
../instances/ORTEC-VRPTW-ASYM-e7835db2-d1-n650-k42.txt;0;339740;24.7121
../instances/ORTEC-VRPTW-ASYM-e7835db2-d1-n650-k42.txt;0;339368;25.0945
../instances/ORTEC-VRPTW-ASYM-e7835db2-d1-n650-k42.txt;0;339188;31.08
../instances/ORTEC-VRPTW-ASYM-e7835db2-d1-n650-k42.txt;0;339005;31.1678
../instances/ORTEC-VRPTW-ASYM-e7835db2-d1-n650-k42.txt;0;338824;31.479
../instances/ORTEC-VRPTW-ASYM-e7835db2-d1-n650-k42.txt;0;337426;31.8332
../instances/ORTEC-VRPTW-ASYM-e7835db2-d1-n650-k42.txt;0;336297;39.5393
../instances/ORTEC-VRPTW-ASYM-e7835db2-d1-n650-k42.txt;0;335952;39.7465
../instances/ORTEC-VRPTW-ASYM-e7835db2-d1-n650-k42.txt;0;334177;44.4207
../instances/ORTEC-VRPTW-ASYM-e7835db2-d1-n650-k42.txt;0;333884;45.6483
../instances/ORTEC-VRPTW-ASYM-e7835db2-d1-n650-k42.txt;0;333842;46.8427
../instances/ORTEC-VRPTW-ASYM-e7835db2-d1-n650-k42.txt;0;333751;47.5696
../instances/ORTEC-VRPTW-ASYM-e7835db2-d1-n650-k42.txt;0;333314;49.1844
../instances/ORTEC-VRPTW-ASYM-e7835db2-d1-n650-k42.txt;0;333073;49.457
../instances/ORTEC-VRPTW-ASYM-e7835db2-d1-n650-k42.txt;0;332933;50.3583
../instances/ORTEC-VRPTW-ASYM-e7835db2-d1-n650-k42.txt;0;332410;52.4578
../instances/ORTEC-VRPTW-ASYM-e7835db2-d1-n650-k42.txt;0;332379;52.6381
../instances/ORTEC-VRPTW-ASYM-e7835db2-d1-n650-k42.txt;0;331818;53.2534
../instances/ORTEC-VRPTW-ASYM-e7835db2-d1-n650-k42.txt;0;331210;53.5638
../instances/ORTEC-VRPTW-ASYM-e7835db2-d1-n650-k42.txt;0;330902;55.8002
../instances/ORTEC-VRPTW-ASYM-e7835db2-d1-n650-k42.txt;0;330834;58.7994
../instances/ORTEC-VRPTW-ASYM-e7835db2-d1-n650-k42.txt;0;330520;58.9423
../instances/ORTEC-VRPTW-ASYM-e7835db2-d1-n650-k42.txt;0;330426;62.7908
../instances/ORTEC-VRPTW-ASYM-e7835db2-d1-n650-k42.txt;0;330254;63.8712
../instances/ORTEC-VRPTW-ASYM-e7835db2-d1-n650-k42.txt;0;330251;66.6583
../instances/ORTEC-VRPTW-ASYM-e7835db2-d1-n650-k42.txt;0;330223;69.3482
../instances/ORTEC-VRPTW-ASYM-e7835db2-d1-n650-k42.txt;0;329998;70.4517
../instances/ORTEC-VRPTW-ASYM-e7835db2-d1-n650-k42.txt;0;329835;71.8786
../instances/ORTEC-VRPTW-ASYM-e7835db2-d1-n650-k42.txt;0;329830;73.8633
../instances/ORTEC-VRPTW-ASYM-e7835db2-d1-n650-k42.txt;0;329764;75.0316
../instances/ORTEC-VRPTW-ASYM-e7835db2-d1-n650-k42.txt;0;329723;81.5584
../instances/ORTEC-VRPTW-ASYM-e7835db2-d1-n650-k42.txt;0;329699;82.7088
../instances/ORTEC-VRPTW-ASYM-e7835db2-d1-n650-k42.txt;0;329687;87.7026
../instances/ORTEC-VRPTW-ASYM-e7835db2-d1-n650-k42.txt;0;329643;93.5059
../instances/ORTEC-VRPTW-ASYM-e7835db2-d1-n650-k42.txt;0;329592;97.0307
../instances/ORTEC-VRPTW-ASYM-e7835db2-d1-n650-k42.txt;0;329569;97.2585
../instances/ORTEC-VRPTW-ASYM-e7835db2-d1-n650-k42.txt;0;329451;98.2273
../instances/ORTEC-VRPTW-ASYM-e7835db2-d1-n650-k42.txt;0;329401;103.004
../instances/ORTEC-VRPTW-ASYM-e7835db2-d1-n650-k42.txt;0;329372;106.332
../instances/ORTEC-VRPTW-ASYM-e7835db2-d1-n650-k42.txt;0;329237;108.886
../instances/ORTEC-VRPTW-ASYM-e7835db2-d1-n650-k42.txt;0;329185;110.266
../instances/ORTEC-VRPTW-ASYM-e7835db2-d1-n650-k42.txt;0;329180;117.495
../instances/ORTEC-VRPTW-ASYM-e7835db2-d1-n650-k42.txt;0;329112;119.265
../instances/ORTEC-VRPTW-ASYM-e7835db2-d1-n650-k42.txt;0;329081;121.372
../instances/ORTEC-VRPTW-ASYM-e7835db2-d1-n650-k42.txt;0;329070;122.614
../instances/ORTEC-VRPTW-ASYM-e7835db2-d1-n650-k42.txt;0;328940;123.882
../instances/ORTEC-VRPTW-ASYM-e7835db2-d1-n650-k42.txt;0;328928;125.983
../instances/ORTEC-VRPTW-ASYM-e7835db2-d1-n650-k42.txt;0;328918;129.355
../instances/ORTEC-VRPTW-ASYM-e7835db2-d1-n650-k42.txt;0;328858;132.86
../instances/ORTEC-VRPTW-ASYM-e7835db2-d1-n650-k42.txt;0;328807;139.055
../instances/ORTEC-VRPTW-ASYM-e7835db2-d1-n650-k42.txt;0;328794;140.761
../instances/ORTEC-VRPTW-ASYM-e7835db2-d1-n650-k42.txt;0;328778;149.759
../instances/ORTEC-VRPTW-ASYM-e7835db2-d1-n650-k42.txt;0;328612;151.378
../instances/ORTEC-VRPTW-ASYM-e7835db2-d1-n650-k42.txt;0;328578;158.034
../instances/ORTEC-VRPTW-ASYM-e7835db2-d1-n650-k42.txt;0;328570;159.322
../instances/ORTEC-VRPTW-ASYM-e7835db2-d1-n650-k42.txt;0;328423;161.612
../instances/ORTEC-VRPTW-ASYM-e7835db2-d1-n650-k42.txt;0;328421;164.473
../instances/ORTEC-VRPTW-ASYM-e7835db2-d1-n650-k42.txt;0;328310;164.735
../instances/ORTEC-VRPTW-ASYM-e7835db2-d1-n650-k42.txt;0;328300;166.157
../instances/ORTEC-VRPTW-ASYM-e7835db2-d1-n650-k42.txt;0;328214;171.771
../instances/ORTEC-VRPTW-ASYM-e7835db2-d1-n650-k42.txt;0;328212;179.155
../instances/ORTEC-VRPTW-ASYM-e7835db2-d1-n650-k42.txt;0;328125;182.526
../instances/ORTEC-VRPTW-ASYM-e7835db2-d1-n650-k42.txt;0;328065;184.705
../instances/ORTEC-VRPTW-ASYM-e7835db2-d1-n650-k42.txt;0;328064;265.686
../instances/ORTEC-VRPTW-ASYM-e7835db2-d1-n650-k42.txt;0;328004;266.996
../instances/ORTEC-VRPTW-ASYM-e7835db2-d1-n650-k42.txt;0;327975;272.188
../instances/ORTEC-VRPTW-ASYM-e7835db2-d1-n650-k42.txt;0;327924;272.56
../instances/ORTEC-VRPTW-ASYM-e7835db2-d1-n650-k42.txt;0;327917;639.838
