../instances/ORTEC-VRPTW-ASYM-6f54fdb4-d1-n392-k25.txt;0;227874;0.056538
../instances/ORTEC-VRPTW-ASYM-6f54fdb4-d1-n392-k25.txt;0;226348;0.124904
../instances/ORTEC-VRPTW-ASYM-6f54fdb4-d1-n392-k25.txt;0;221403;0.145449
../instances/ORTEC-VRPTW-ASYM-6f54fdb4-d1-n392-k25.txt;0;220085;2.47258
../instances/ORTEC-VRPTW-ASYM-6f54fdb4-d1-n392-k25.txt;0;219910;3.03185
../instances/ORTEC-VRPTW-ASYM-6f54fdb4-d1-n392-k25.txt;0;218671;3.29448
../instances/ORTEC-VRPTW-ASYM-6f54fdb4-d1-n392-k25.txt;0;217758;3.46784
../instances/ORTEC-VRPTW-ASYM-6f54fdb4-d1-n392-k25.txt;0;217552;3.71358
../instances/ORTEC-VRPTW-ASYM-6f54fdb4-d1-n392-k25.txt;0;216526;3.93002
../instances/ORTEC-VRPTW-ASYM-6f54fdb4-d1-n392-k25.txt;0;216048;3.95317
../instances/ORTEC-VRPTW-ASYM-6f54fdb4-d1-n392-k25.txt;0;215211;4.15451
../instances/ORTEC-VRPTW-ASYM-6f54fdb4-d1-n392-k25.txt;0;214790;4.6698
../instances/ORTEC-VRPTW-ASYM-6f54fdb4-d1-n392-k25.txt;0;212590;4.7621
../instances/ORTEC-VRPTW-ASYM-6f54fdb4-d1-n392-k25.txt;0;212094;5.71904
../instances/ORTEC-VRPTW-ASYM-6f54fdb4-d1-n392-k25.txt;0;211916;6.19064
../instances/ORTEC-VRPTW-ASYM-6f54fdb4-d1-n392-k25.txt;0;210464;6.95164
../instances/ORTEC-VRPTW-ASYM-6f54fdb4-d1-n392-k25.txt;0;209595;7.61277
../instances/ORTEC-VRPTW-ASYM-6f54fdb4-d1-n392-k25.txt;0;208935;9.19952
../instances/ORTEC-VRPTW-ASYM-6f54fdb4-d1-n392-k25.txt;0;208413;9.41614
../instances/ORTEC-VRPTW-ASYM-6f54fdb4-d1-n392-k25.txt;0;207707;11.1284
../instances/ORTEC-VRPTW-ASYM-6f54fdb4-d1-n392-k25.txt;0;207269;12.6118
../instances/ORTEC-VRPTW-ASYM-6f54fdb4-d1-n392-k25.txt;0;207018;14.814
../instances/ORTEC-VRPTW-ASYM-6f54fdb4-d1-n392-k25.txt;0;206897;16.2766
../instances/ORTEC-VRPTW-ASYM-6f54fdb4-d1-n392-k25.txt;0;206621;19.7078
../instances/ORTEC-VRPTW-ASYM-6f54fdb4-d1-n392-k25.txt;0;206001;19.862
../instances/ORTEC-VRPTW-ASYM-6f54fdb4-d1-n392-k25.txt;0;205893;20.5744
../instances/ORTEC-VRPTW-ASYM-6f54fdb4-d1-n392-k25.txt;0;205546;21.362
../instances/ORTEC-VRPTW-ASYM-6f54fdb4-d1-n392-k25.txt;0;205302;21.3747
../instances/ORTEC-VRPTW-ASYM-6f54fdb4-d1-n392-k25.txt;0;205061;24.0266
../instances/ORTEC-VRPTW-ASYM-6f54fdb4-d1-n392-k25.txt;0;204895;26.123
../instances/ORTEC-VRPTW-ASYM-6f54fdb4-d1-n392-k25.txt;0;204850;26.4647
../instances/ORTEC-VRPTW-ASYM-6f54fdb4-d1-n392-k25.txt;0;204724;27.21
../instances/ORTEC-VRPTW-ASYM-6f54fdb4-d1-n392-k25.txt;0;204682;30.1237
../instances/ORTEC-VRPTW-ASYM-6f54fdb4-d1-n392-k25.txt;0;204483;31.5959
../instances/ORTEC-VRPTW-ASYM-6f54fdb4-d1-n392-k25.txt;0;204428;32.7729
../instances/ORTEC-VRPTW-ASYM-6f54fdb4-d1-n392-k25.txt;0;204169;34.0476
../instances/ORTEC-VRPTW-ASYM-6f54fdb4-d1-n392-k25.txt;0;203968;38.1651
../instances/ORTEC-VRPTW-ASYM-6f54fdb4-d1-n392-k25.txt;0;203892;41.1995
../instances/ORTEC-VRPTW-ASYM-6f54fdb4-d1-n392-k25.txt;0;203713;43.0208
../instances/ORTEC-VRPTW-ASYM-6f54fdb4-d1-n392-k25.txt;0;203674;47.1989
../instances/ORTEC-VRPTW-ASYM-6f54fdb4-d1-n392-k25.txt;0;203645;48.2147
../instances/ORTEC-VRPTW-ASYM-6f54fdb4-d1-n392-k25.txt;0;203460;51.4532
../instances/ORTEC-VRPTW-ASYM-6f54fdb4-d1-n392-k25.txt;0;203453;57.0075
../instances/ORTEC-VRPTW-ASYM-6f54fdb4-d1-n392-k25.txt;0;203364;58.024
../instances/ORTEC-VRPTW-ASYM-6f54fdb4-d1-n392-k25.txt;0;203362;59.0992
../instances/ORTEC-VRPTW-ASYM-6f54fdb4-d1-n392-k25.txt;0;203330;60.2171
../instances/ORTEC-VRPTW-ASYM-6f54fdb4-d1-n392-k25.txt;0;203259;60.4372
../instances/ORTEC-VRPTW-ASYM-6f54fdb4-d1-n392-k25.txt;0;203187;61.8362
../instances/ORTEC-VRPTW-ASYM-6f54fdb4-d1-n392-k25.txt;0;203032;62.6094
../instances/ORTEC-VRPTW-ASYM-6f54fdb4-d1-n392-k25.txt;0;203009;65.5161
../instances/ORTEC-VRPTW-ASYM-6f54fdb4-d1-n392-k25.txt;0;202968;76.5486
../instances/ORTEC-VRPTW-ASYM-6f54fdb4-d1-n392-k25.txt;0;202947;76.5713
../instances/ORTEC-VRPTW-ASYM-6f54fdb4-d1-n392-k25.txt;0;202896;77.4539
../instances/ORTEC-VRPTW-ASYM-6f54fdb4-d1-n392-k25.txt;0;202786;84.1366
../instances/ORTEC-VRPTW-ASYM-6f54fdb4-d1-n392-k25.txt;0;202756;99.1521
../instances/ORTEC-VRPTW-ASYM-6f54fdb4-d1-n392-k25.txt;0;202744;123.909
../instances/ORTEC-VRPTW-ASYM-6f54fdb4-d1-n392-k25.txt;0;202735;135.172
../instances/ORTEC-VRPTW-ASYM-6f54fdb4-d1-n392-k25.txt;0;202705;142.374
../instances/ORTEC-VRPTW-ASYM-6f54fdb4-d1-n392-k25.txt;0;202689;148.705
../instances/ORTEC-VRPTW-ASYM-6f54fdb4-d1-n392-k25.txt;0;202682;311.14
