../instances/ORTEC-VRPTW-ASYM-fb19b5fc-d1-n274-k18.txt;0;162809;0.035059
../instances/ORTEC-VRPTW-ASYM-fb19b5fc-d1-n274-k18.txt;0;159959;0.06008
../instances/ORTEC-VRPTW-ASYM-fb19b5fc-d1-n274-k18.txt;0;159587;1.13521
../instances/ORTEC-VRPTW-ASYM-fb19b5fc-d1-n274-k18.txt;0;158702;1.44249
../instances/ORTEC-VRPTW-ASYM-fb19b5fc-d1-n274-k18.txt;0;158075;1.50826
../instances/ORTEC-VRPTW-ASYM-fb19b5fc-d1-n274-k18.txt;0;154673;1.60618
../instances/ORTEC-VRPTW-ASYM-fb19b5fc-d1-n274-k18.txt;0;154456;2.32695
../instances/ORTEC-VRPTW-ASYM-fb19b5fc-d1-n274-k18.txt;0;153992;2.53867
../instances/ORTEC-VRPTW-ASYM-fb19b5fc-d1-n274-k18.txt;0;153663;2.60444
../instances/ORTEC-VRPTW-ASYM-fb19b5fc-d1-n274-k18.txt;0;153239;2.67649
../instances/ORTEC-VRPTW-ASYM-fb19b5fc-d1-n274-k18.txt;0;152912;3.36469
../instances/ORTEC-VRPTW-ASYM-fb19b5fc-d1-n274-k18.txt;0;152192;4.22393
../instances/ORTEC-VRPTW-ASYM-fb19b5fc-d1-n274-k18.txt;0;152112;5.14102
../instances/ORTEC-VRPTW-ASYM-fb19b5fc-d1-n274-k18.txt;0;151148;5.65274
../instances/ORTEC-VRPTW-ASYM-fb19b5fc-d1-n274-k18.txt;0;151140;7.46522
../instances/ORTEC-VRPTW-ASYM-fb19b5fc-d1-n274-k18.txt;0;150885;8.67608
../instances/ORTEC-VRPTW-ASYM-fb19b5fc-d1-n274-k18.txt;0;150660;8.84183
../instances/ORTEC-VRPTW-ASYM-fb19b5fc-d1-n274-k18.txt;0;150591;9.28008
../instances/ORTEC-VRPTW-ASYM-fb19b5fc-d1-n274-k18.txt;0;150253;9.57429
../instances/ORTEC-VRPTW-ASYM-fb19b5fc-d1-n274-k18.txt;0;149524;9.63367
../instances/ORTEC-VRPTW-ASYM-fb19b5fc-d1-n274-k18.txt;0;149503;10.4285
../instances/ORTEC-VRPTW-ASYM-fb19b5fc-d1-n274-k18.txt;0;149446;10.975
../instances/ORTEC-VRPTW-ASYM-fb19b5fc-d1-n274-k18.txt;0;149294;11.0577
../instances/ORTEC-VRPTW-ASYM-fb19b5fc-d1-n274-k18.txt;0;149250;11.0883
../instances/ORTEC-VRPTW-ASYM-fb19b5fc-d1-n274-k18.txt;0;149153;11.4384
../instances/ORTEC-VRPTW-ASYM-fb19b5fc-d1-n274-k18.txt;0;148936;11.7641
../instances/ORTEC-VRPTW-ASYM-fb19b5fc-d1-n274-k18.txt;0;148886;12.9737
../instances/ORTEC-VRPTW-ASYM-fb19b5fc-d1-n274-k18.txt;0;148884;13.334
../instances/ORTEC-VRPTW-ASYM-fb19b5fc-d1-n274-k18.txt;0;148552;14.4331
../instances/ORTEC-VRPTW-ASYM-fb19b5fc-d1-n274-k18.txt;0;148549;16.758
../instances/ORTEC-VRPTW-ASYM-fb19b5fc-d1-n274-k18.txt;0;148540;16.9174
../instances/ORTEC-VRPTW-ASYM-fb19b5fc-d1-n274-k18.txt;0;148406;17.4667
../instances/ORTEC-VRPTW-ASYM-fb19b5fc-d1-n274-k18.txt;0;148279;18.1567
../instances/ORTEC-VRPTW-ASYM-fb19b5fc-d1-n274-k18.txt;0;148269;20.1303
../instances/ORTEC-VRPTW-ASYM-fb19b5fc-d1-n274-k18.txt;0;148260;21.1829
../instances/ORTEC-VRPTW-ASYM-fb19b5fc-d1-n274-k18.txt;0;148248;24.6755
../instances/ORTEC-VRPTW-ASYM-fb19b5fc-d1-n274-k18.txt;0;148218;27.9173
../instances/ORTEC-VRPTW-ASYM-fb19b5fc-d1-n274-k18.txt;0;148192;29.0235
../instances/ORTEC-VRPTW-ASYM-fb19b5fc-d1-n274-k18.txt;0;148187;29.1287
../instances/ORTEC-VRPTW-ASYM-fb19b5fc-d1-n274-k18.txt;0;148158;30.9991
../instances/ORTEC-VRPTW-ASYM-fb19b5fc-d1-n274-k18.txt;0;148064;34.5542
../instances/ORTEC-VRPTW-ASYM-fb19b5fc-d1-n274-k18.txt;0;148039;41.0287
../instances/ORTEC-VRPTW-ASYM-fb19b5fc-d1-n274-k18.txt;0;148028;41.7374
../instances/ORTEC-VRPTW-ASYM-fb19b5fc-d1-n274-k18.txt;0;148026;43.2499
../instances/ORTEC-VRPTW-ASYM-fb19b5fc-d1-n274-k18.txt;0;148018;45.4887
../instances/ORTEC-VRPTW-ASYM-fb19b5fc-d1-n274-k18.txt;0;148017;46.2442
../instances/ORTEC-VRPTW-ASYM-fb19b5fc-d1-n274-k18.txt;0;148015;46.5923
../instances/ORTEC-VRPTW-ASYM-fb19b5fc-d1-n274-k18.txt;0;147992;191.58
../instances/ORTEC-VRPTW-ASYM-fb19b5fc-d1-n274-k18.txt;0;147989;192.834
../instances/ORTEC-VRPTW-ASYM-fb19b5fc-d1-n274-k18.txt;0;147988;194.352
../instances/ORTEC-VRPTW-ASYM-fb19b5fc-d1-n274-k18.txt;0;147987;198.693
../instances/ORTEC-VRPTW-ASYM-fb19b5fc-d1-n274-k18.txt;0;147986;199.394
../instances/ORTEC-VRPTW-ASYM-fb19b5fc-d1-n274-k18.txt;0;147865;199.706
../instances/ORTEC-VRPTW-ASYM-fb19b5fc-d1-n274-k18.txt;0;147863;224.829
../instances/ORTEC-VRPTW-ASYM-fb19b5fc-d1-n274-k18.txt;0;147857;230.469
../instances/ORTEC-VRPTW-ASYM-fb19b5fc-d1-n274-k18.txt;0;147852;233.79
../instances/ORTEC-VRPTW-ASYM-fb19b5fc-d1-n274-k18.txt;0;147850;241.087
../instances/ORTEC-VRPTW-ASYM-fb19b5fc-d1-n274-k18.txt;0;147835;282.155
../instances/ORTEC-VRPTW-ASYM-fb19b5fc-d1-n274-k18.txt;0;147833;282.872
../instances/ORTEC-VRPTW-ASYM-fb19b5fc-d1-n274-k18.txt;0;147830;369.674
