../instances/ORTEC-VRPTW-ASYM-91a5c759-d1-n263-k35.txt;0;151521;0.035485
../instances/ORTEC-VRPTW-ASYM-91a5c759-d1-n263-k35.txt;0;148782;0.099607
../instances/ORTEC-VRPTW-ASYM-91a5c759-d1-n263-k35.txt;0;147122;0.147935
../instances/ORTEC-VRPTW-ASYM-91a5c759-d1-n263-k35.txt;0;146602;0.452512
../instances/ORTEC-VRPTW-ASYM-91a5c759-d1-n263-k35.txt;0;146356;0.843237
../instances/ORTEC-VRPTW-ASYM-91a5c759-d1-n263-k35.txt;0;146201;1.60108
../instances/ORTEC-VRPTW-ASYM-91a5c759-d1-n263-k35.txt;0;146178;1.61908
../instances/ORTEC-VRPTW-ASYM-91a5c759-d1-n263-k35.txt;0;145621;1.63116
../instances/ORTEC-VRPTW-ASYM-91a5c759-d1-n263-k35.txt;0;144121;1.74539
../instances/ORTEC-VRPTW-ASYM-91a5c759-d1-n263-k35.txt;0;143885;1.84427
../instances/ORTEC-VRPTW-ASYM-91a5c759-d1-n263-k35.txt;0;142171;1.87999
../instances/ORTEC-VRPTW-ASYM-91a5c759-d1-n263-k35.txt;0;141358;2.31943
../instances/ORTEC-VRPTW-ASYM-91a5c759-d1-n263-k35.txt;0;140950;2.43541
../instances/ORTEC-VRPTW-ASYM-91a5c759-d1-n263-k35.txt;0;140134;2.63539
../instances/ORTEC-VRPTW-ASYM-91a5c759-d1-n263-k35.txt;0;138991;2.65826
../instances/ORTEC-VRPTW-ASYM-91a5c759-d1-n263-k35.txt;0;138898;3.00975
../instances/ORTEC-VRPTW-ASYM-91a5c759-d1-n263-k35.txt;0;138738;3.56432
../instances/ORTEC-VRPTW-ASYM-91a5c759-d1-n263-k35.txt;0;138297;3.68956
../instances/ORTEC-VRPTW-ASYM-91a5c759-d1-n263-k35.txt;0;137970;3.89042
../instances/ORTEC-VRPTW-ASYM-91a5c759-d1-n263-k35.txt;0;137941;4.02927
../instances/ORTEC-VRPTW-ASYM-91a5c759-d1-n263-k35.txt;0;137768;4.33829
../instances/ORTEC-VRPTW-ASYM-91a5c759-d1-n263-k35.txt;0;137715;4.53022
../instances/ORTEC-VRPTW-ASYM-91a5c759-d1-n263-k35.txt;0;137014;4.86732
../instances/ORTEC-VRPTW-ASYM-91a5c759-d1-n263-k35.txt;0;136582;6.03734
../instances/ORTEC-VRPTW-ASYM-91a5c759-d1-n263-k35.txt;0;136119;6.89792
../instances/ORTEC-VRPTW-ASYM-91a5c759-d1-n263-k35.txt;0;136054;8.63899
../instances/ORTEC-VRPTW-ASYM-91a5c759-d1-n263-k35.txt;0;135919;8.94573
../instances/ORTEC-VRPTW-ASYM-91a5c759-d1-n263-k35.txt;0;135755;9.01439
../instances/ORTEC-VRPTW-ASYM-91a5c759-d1-n263-k35.txt;0;135348;9.30212
../instances/ORTEC-VRPTW-ASYM-91a5c759-d1-n263-k35.txt;0;135245;11.2283
../instances/ORTEC-VRPTW-ASYM-91a5c759-d1-n263-k35.txt;0;134985;12.1793
../instances/ORTEC-VRPTW-ASYM-91a5c759-d1-n263-k35.txt;0;134222;12.8469
../instances/ORTEC-VRPTW-ASYM-91a5c759-d1-n263-k35.txt;0;134218;14.6393
../instances/ORTEC-VRPTW-ASYM-91a5c759-d1-n263-k35.txt;0;134067;15.7481
../instances/ORTEC-VRPTW-ASYM-91a5c759-d1-n263-k35.txt;0;134040;15.7848
../instances/ORTEC-VRPTW-ASYM-91a5c759-d1-n263-k35.txt;0;133844;16.5996
../instances/ORTEC-VRPTW-ASYM-91a5c759-d1-n263-k35.txt;0;133496;18.616
../instances/ORTEC-VRPTW-ASYM-91a5c759-d1-n263-k35.txt;0;133455;21.9168
../instances/ORTEC-VRPTW-ASYM-91a5c759-d1-n263-k35.txt;0;133423;24.8829
../instances/ORTEC-VRPTW-ASYM-91a5c759-d1-n263-k35.txt;0;132746;25.3121
../instances/ORTEC-VRPTW-ASYM-91a5c759-d1-n263-k35.txt;0;132457;28.2871
../instances/ORTEC-VRPTW-ASYM-91a5c759-d1-n263-k35.txt;0;132432;30.8998
../instances/ORTEC-VRPTW-ASYM-91a5c759-d1-n263-k35.txt;0;132425;31.6166
../instances/ORTEC-VRPTW-ASYM-91a5c759-d1-n263-k35.txt;0;132352;31.7713
../instances/ORTEC-VRPTW-ASYM-91a5c759-d1-n263-k35.txt;0;132347;31.9129
../instances/ORTEC-VRPTW-ASYM-91a5c759-d1-n263-k35.txt;0;132282;32.9072
../instances/ORTEC-VRPTW-ASYM-91a5c759-d1-n263-k35.txt;0;132249;35.2985
../instances/ORTEC-VRPTW-ASYM-91a5c759-d1-n263-k35.txt;0;132227;36.5442
../instances/ORTEC-VRPTW-ASYM-91a5c759-d1-n263-k35.txt;0;132145;37.397
../instances/ORTEC-VRPTW-ASYM-91a5c759-d1-n263-k35.txt;0;132120;38.7743
../instances/ORTEC-VRPTW-ASYM-91a5c759-d1-n263-k35.txt;0;132056;39.0427
../instances/ORTEC-VRPTW-ASYM-91a5c759-d1-n263-k35.txt;0;132040;41.7751
../instances/ORTEC-VRPTW-ASYM-91a5c759-d1-n263-k35.txt;0;132038;41.9126
../instances/ORTEC-VRPTW-ASYM-91a5c759-d1-n263-k35.txt;0;131994;42.2135
../instances/ORTEC-VRPTW-ASYM-91a5c759-d1-n263-k35.txt;0;131980;42.2397
../instances/ORTEC-VRPTW-ASYM-91a5c759-d1-n263-k35.txt;0;131976;42.6461
../instances/ORTEC-VRPTW-ASYM-91a5c759-d1-n263-k35.txt;0;131960;60.9995
../instances/ORTEC-VRPTW-ASYM-91a5c759-d1-n263-k35.txt;0;131958;102.44
../instances/ORTEC-VRPTW-ASYM-91a5c759-d1-n263-k35.txt;0;131871;212.384
../instances/ORTEC-VRPTW-ASYM-91a5c759-d1-n263-k35.txt;0;131838;212.972
../instances/ORTEC-VRPTW-ASYM-91a5c759-d1-n263-k35.txt;0;131809;215.284
../instances/ORTEC-VRPTW-ASYM-91a5c759-d1-n263-k35.txt;0;131798;216.81
../instances/ORTEC-VRPTW-ASYM-91a5c759-d1-n263-k35.txt;0;131782;219.051
../instances/ORTEC-VRPTW-ASYM-91a5c759-d1-n263-k35.txt;0;131768;221.758
../instances/ORTEC-VRPTW-ASYM-91a5c759-d1-n263-k35.txt;0;131745;224.476
../instances/ORTEC-VRPTW-ASYM-91a5c759-d1-n263-k35.txt;0;131735;234.403
../instances/ORTEC-VRPTW-ASYM-91a5c759-d1-n263-k35.txt;0;131728;237.683
../instances/ORTEC-VRPTW-ASYM-91a5c759-d1-n263-k35.txt;0;131687;301.121
