../instances/ORTEC-VRPTW-ASYM-fee7a003-d1-n329-k18.txt;0;212835;0.041687
../instances/ORTEC-VRPTW-ASYM-fee7a003-d1-n329-k18.txt;0;211556;2.22232
../instances/ORTEC-VRPTW-ASYM-fee7a003-d1-n329-k18.txt;0;210516;2.37946
../instances/ORTEC-VRPTW-ASYM-fee7a003-d1-n329-k18.txt;0;207475;2.68298
../instances/ORTEC-VRPTW-ASYM-fee7a003-d1-n329-k18.txt;0;207289;2.92481
../instances/ORTEC-VRPTW-ASYM-fee7a003-d1-n329-k18.txt;0;205828;3.32136
../instances/ORTEC-VRPTW-ASYM-fee7a003-d1-n329-k18.txt;0;205812;4.22651
../instances/ORTEC-VRPTW-ASYM-fee7a003-d1-n329-k18.txt;0;205267;4.68428
../instances/ORTEC-VRPTW-ASYM-fee7a003-d1-n329-k18.txt;0;204604;4.77764
../instances/ORTEC-VRPTW-ASYM-fee7a003-d1-n329-k18.txt;0;204238;4.80167
../instances/ORTEC-VRPTW-ASYM-fee7a003-d1-n329-k18.txt;0;203479;4.84333
../instances/ORTEC-VRPTW-ASYM-fee7a003-d1-n329-k18.txt;0;202808;4.94865
../instances/ORTEC-VRPTW-ASYM-fee7a003-d1-n329-k18.txt;0;201905;5.13568
../instances/ORTEC-VRPTW-ASYM-fee7a003-d1-n329-k18.txt;0;201769;5.38127
../instances/ORTEC-VRPTW-ASYM-fee7a003-d1-n329-k18.txt;0;201378;5.70756
../instances/ORTEC-VRPTW-ASYM-fee7a003-d1-n329-k18.txt;0;201230;6.30126
../instances/ORTEC-VRPTW-ASYM-fee7a003-d1-n329-k18.txt;0;201157;6.78311
../instances/ORTEC-VRPTW-ASYM-fee7a003-d1-n329-k18.txt;0;201107;6.91513
../instances/ORTEC-VRPTW-ASYM-fee7a003-d1-n329-k18.txt;0;201031;7.09837
../instances/ORTEC-VRPTW-ASYM-fee7a003-d1-n329-k18.txt;0;200670;7.74941
../instances/ORTEC-VRPTW-ASYM-fee7a003-d1-n329-k18.txt;0;200625;8.16931
../instances/ORTEC-VRPTW-ASYM-fee7a003-d1-n329-k18.txt;0;200622;8.25234
../instances/ORTEC-VRPTW-ASYM-fee7a003-d1-n329-k18.txt;0;200533;8.27212
../instances/ORTEC-VRPTW-ASYM-fee7a003-d1-n329-k18.txt;0;200211;8.33124
../instances/ORTEC-VRPTW-ASYM-fee7a003-d1-n329-k18.txt;0;200027;8.36274
../instances/ORTEC-VRPTW-ASYM-fee7a003-d1-n329-k18.txt;0;199957;8.39287
../instances/ORTEC-VRPTW-ASYM-fee7a003-d1-n329-k18.txt;0;199863;8.65022
../instances/ORTEC-VRPTW-ASYM-fee7a003-d1-n329-k18.txt;0;199769;8.68865
../instances/ORTEC-VRPTW-ASYM-fee7a003-d1-n329-k18.txt;0;199691;8.88562
../instances/ORTEC-VRPTW-ASYM-fee7a003-d1-n329-k18.txt;0;199211;8.95589
../instances/ORTEC-VRPTW-ASYM-fee7a003-d1-n329-k18.txt;0;198637;8.95766
../instances/ORTEC-VRPTW-ASYM-fee7a003-d1-n329-k18.txt;0;197207;10.071
../instances/ORTEC-VRPTW-ASYM-fee7a003-d1-n329-k18.txt;0;197144;10.7088
../instances/ORTEC-VRPTW-ASYM-fee7a003-d1-n329-k18.txt;0;197064;11.2013
../instances/ORTEC-VRPTW-ASYM-fee7a003-d1-n329-k18.txt;0;197007;11.4058
../instances/ORTEC-VRPTW-ASYM-fee7a003-d1-n329-k18.txt;0;196862;11.5634
../instances/ORTEC-VRPTW-ASYM-fee7a003-d1-n329-k18.txt;0;196808;12.3455
../instances/ORTEC-VRPTW-ASYM-fee7a003-d1-n329-k18.txt;0;196722;12.4907
../instances/ORTEC-VRPTW-ASYM-fee7a003-d1-n329-k18.txt;0;196549;12.6547
../instances/ORTEC-VRPTW-ASYM-fee7a003-d1-n329-k18.txt;0;196174;12.9745
../instances/ORTEC-VRPTW-ASYM-fee7a003-d1-n329-k18.txt;0;196005;13.7746
../instances/ORTEC-VRPTW-ASYM-fee7a003-d1-n329-k18.txt;0;196003;14.4329
../instances/ORTEC-VRPTW-ASYM-fee7a003-d1-n329-k18.txt;0;195907;14.5407
../instances/ORTEC-VRPTW-ASYM-fee7a003-d1-n329-k18.txt;0;195887;15.0002
../instances/ORTEC-VRPTW-ASYM-fee7a003-d1-n329-k18.txt;0;195872;15.9554
../instances/ORTEC-VRPTW-ASYM-fee7a003-d1-n329-k18.txt;0;195797;16.8542
../instances/ORTEC-VRPTW-ASYM-fee7a003-d1-n329-k18.txt;0;195735;18.469
../instances/ORTEC-VRPTW-ASYM-fee7a003-d1-n329-k18.txt;0;195630;18.5834
../instances/ORTEC-VRPTW-ASYM-fee7a003-d1-n329-k18.txt;0;195419;18.6254
../instances/ORTEC-VRPTW-ASYM-fee7a003-d1-n329-k18.txt;0;195366;18.6651
../instances/ORTEC-VRPTW-ASYM-fee7a003-d1-n329-k18.txt;0;195280;18.9169
../instances/ORTEC-VRPTW-ASYM-fee7a003-d1-n329-k18.txt;0;195233;19.3575
../instances/ORTEC-VRPTW-ASYM-fee7a003-d1-n329-k18.txt;0;195204;20.7575
../instances/ORTEC-VRPTW-ASYM-fee7a003-d1-n329-k18.txt;0;195123;20.8373
../instances/ORTEC-VRPTW-ASYM-fee7a003-d1-n329-k18.txt;0;195084;22.243
../instances/ORTEC-VRPTW-ASYM-fee7a003-d1-n329-k18.txt;0;195064;22.725
../instances/ORTEC-VRPTW-ASYM-fee7a003-d1-n329-k18.txt;0;195057;23.8594
../instances/ORTEC-VRPTW-ASYM-fee7a003-d1-n329-k18.txt;0;195015;25.7056
../instances/ORTEC-VRPTW-ASYM-fee7a003-d1-n329-k18.txt;0;194892;25.7689
../instances/ORTEC-VRPTW-ASYM-fee7a003-d1-n329-k18.txt;0;194703;26.4572
../instances/ORTEC-VRPTW-ASYM-fee7a003-d1-n329-k18.txt;0;194655;27.9456
../instances/ORTEC-VRPTW-ASYM-fee7a003-d1-n329-k18.txt;0;194637;31.7941
../instances/ORTEC-VRPTW-ASYM-fee7a003-d1-n329-k18.txt;0;194486;33.551
../instances/ORTEC-VRPTW-ASYM-fee7a003-d1-n329-k18.txt;0;194480;33.5694
../instances/ORTEC-VRPTW-ASYM-fee7a003-d1-n329-k18.txt;0;194463;33.9283
../instances/ORTEC-VRPTW-ASYM-fee7a003-d1-n329-k18.txt;0;194453;34.1042
../instances/ORTEC-VRPTW-ASYM-fee7a003-d1-n329-k18.txt;0;194452;34.4171
../instances/ORTEC-VRPTW-ASYM-fee7a003-d1-n329-k18.txt;0;194446;35.8327
../instances/ORTEC-VRPTW-ASYM-fee7a003-d1-n329-k18.txt;0;194428;36.1206
../instances/ORTEC-VRPTW-ASYM-fee7a003-d1-n329-k18.txt;0;194427;36.7288
../instances/ORTEC-VRPTW-ASYM-fee7a003-d1-n329-k18.txt;0;194352;39.6078
../instances/ORTEC-VRPTW-ASYM-fee7a003-d1-n329-k18.txt;0;194201;41.0688
../instances/ORTEC-VRPTW-ASYM-fee7a003-d1-n329-k18.txt;0;194193;41.645
../instances/ORTEC-VRPTW-ASYM-fee7a003-d1-n329-k18.txt;0;194147;43.1043
../instances/ORTEC-VRPTW-ASYM-fee7a003-d1-n329-k18.txt;0;194133;69.3659
