../instances/ORTEC-VRPTW-ASYM-6570ec5a-d1-n283-k20.txt;0;145385;0.026307
../instances/ORTEC-VRPTW-ASYM-6570ec5a-d1-n283-k20.txt;0;144948;0.038026
../instances/ORTEC-VRPTW-ASYM-6570ec5a-d1-n283-k20.txt;0;144031;1.65342
../instances/ORTEC-VRPTW-ASYM-6570ec5a-d1-n283-k20.txt;0;142882;1.87117
../instances/ORTEC-VRPTW-ASYM-6570ec5a-d1-n283-k20.txt;0;141142;1.93444
../instances/ORTEC-VRPTW-ASYM-6570ec5a-d1-n283-k20.txt;0;140008;2.47196
../instances/ORTEC-VRPTW-ASYM-6570ec5a-d1-n283-k20.txt;0;138897;2.48604
../instances/ORTEC-VRPTW-ASYM-6570ec5a-d1-n283-k20.txt;0;138793;3.27492
../instances/ORTEC-VRPTW-ASYM-6570ec5a-d1-n283-k20.txt;0;137899;3.33426
../instances/ORTEC-VRPTW-ASYM-6570ec5a-d1-n283-k20.txt;0;135680;3.64771
../instances/ORTEC-VRPTW-ASYM-6570ec5a-d1-n283-k20.txt;0;135315;8.05811
../instances/ORTEC-VRPTW-ASYM-6570ec5a-d1-n283-k20.txt;0;134907;8.99332
../instances/ORTEC-VRPTW-ASYM-6570ec5a-d1-n283-k20.txt;0;134644;9.81707
../instances/ORTEC-VRPTW-ASYM-6570ec5a-d1-n283-k20.txt;0;134310;11.9269
../instances/ORTEC-VRPTW-ASYM-6570ec5a-d1-n283-k20.txt;0;134001;13.3104
../instances/ORTEC-VRPTW-ASYM-6570ec5a-d1-n283-k20.txt;0;133827;14.0343
../instances/ORTEC-VRPTW-ASYM-6570ec5a-d1-n283-k20.txt;0;133818;14.9905
../instances/ORTEC-VRPTW-ASYM-6570ec5a-d1-n283-k20.txt;0;133210;15.8667
../instances/ORTEC-VRPTW-ASYM-6570ec5a-d1-n283-k20.txt;0;133025;19.7235
../instances/ORTEC-VRPTW-ASYM-6570ec5a-d1-n283-k20.txt;0;132515;21.9363
../instances/ORTEC-VRPTW-ASYM-6570ec5a-d1-n283-k20.txt;0;132433;23.6529
../instances/ORTEC-VRPTW-ASYM-6570ec5a-d1-n283-k20.txt;0;132379;24.1387
../instances/ORTEC-VRPTW-ASYM-6570ec5a-d1-n283-k20.txt;0;132123;26.8962
../instances/ORTEC-VRPTW-ASYM-6570ec5a-d1-n283-k20.txt;0;131744;27.1259
../instances/ORTEC-VRPTW-ASYM-6570ec5a-d1-n283-k20.txt;0;131739;27.2512
../instances/ORTEC-VRPTW-ASYM-6570ec5a-d1-n283-k20.txt;0;131730;27.4692
../instances/ORTEC-VRPTW-ASYM-6570ec5a-d1-n283-k20.txt;0;131659;28.2037
../instances/ORTEC-VRPTW-ASYM-6570ec5a-d1-n283-k20.txt;0;131471;32.2429
../instances/ORTEC-VRPTW-ASYM-6570ec5a-d1-n283-k20.txt;0;131172;32.868
../instances/ORTEC-VRPTW-ASYM-6570ec5a-d1-n283-k20.txt;0;131160;35.4265
../instances/ORTEC-VRPTW-ASYM-6570ec5a-d1-n283-k20.txt;0;131047;39.7279
../instances/ORTEC-VRPTW-ASYM-6570ec5a-d1-n283-k20.txt;0;131032;41.8725
../instances/ORTEC-VRPTW-ASYM-6570ec5a-d1-n283-k20.txt;0;130575;42.1418
../instances/ORTEC-VRPTW-ASYM-6570ec5a-d1-n283-k20.txt;0;130501;48.5811
../instances/ORTEC-VRPTW-ASYM-6570ec5a-d1-n283-k20.txt;0;130490;48.7793
../instances/ORTEC-VRPTW-ASYM-6570ec5a-d1-n283-k20.txt;0;130379;53.4705
../instances/ORTEC-VRPTW-ASYM-6570ec5a-d1-n283-k20.txt;0;130374;54.0201
../instances/ORTEC-VRPTW-ASYM-6570ec5a-d1-n283-k20.txt;0;130362;55.6264
../instances/ORTEC-VRPTW-ASYM-6570ec5a-d1-n283-k20.txt;0;130345;56.0038
../instances/ORTEC-VRPTW-ASYM-6570ec5a-d1-n283-k20.txt;0;130260;56.8917
../instances/ORTEC-VRPTW-ASYM-6570ec5a-d1-n283-k20.txt;0;130190;62.108
../instances/ORTEC-VRPTW-ASYM-6570ec5a-d1-n283-k20.txt;0;130165;63.464
../instances/ORTEC-VRPTW-ASYM-6570ec5a-d1-n283-k20.txt;0;130138;64.4366
../instances/ORTEC-VRPTW-ASYM-6570ec5a-d1-n283-k20.txt;0;130068;67.0356
../instances/ORTEC-VRPTW-ASYM-6570ec5a-d1-n283-k20.txt;0;130052;70.0292
