../instances/ORTEC-VRPTW-ASYM-c67b3a3f-d1-n342-k21.txt;0;133004;0.091898
../instances/ORTEC-VRPTW-ASYM-c67b3a3f-d1-n342-k21.txt;0;131765;1.88526
../instances/ORTEC-VRPTW-ASYM-c67b3a3f-d1-n342-k21.txt;0;130201;2.09221
../instances/ORTEC-VRPTW-ASYM-c67b3a3f-d1-n342-k21.txt;0;129948;2.17897
../instances/ORTEC-VRPTW-ASYM-c67b3a3f-d1-n342-k21.txt;0;129725;2.62098
../instances/ORTEC-VRPTW-ASYM-c67b3a3f-d1-n342-k21.txt;0;129486;2.93195
../instances/ORTEC-VRPTW-ASYM-c67b3a3f-d1-n342-k21.txt;0;128217;3.1629
../instances/ORTEC-VRPTW-ASYM-c67b3a3f-d1-n342-k21.txt;0;127071;3.98551
../instances/ORTEC-VRPTW-ASYM-c67b3a3f-d1-n342-k21.txt;0;126519;5.42852
../instances/ORTEC-VRPTW-ASYM-c67b3a3f-d1-n342-k21.txt;0;126277;6.14499
../instances/ORTEC-VRPTW-ASYM-c67b3a3f-d1-n342-k21.txt;0;125775;6.49113
../instances/ORTEC-VRPTW-ASYM-c67b3a3f-d1-n342-k21.txt;0;124934;7.30789
../instances/ORTEC-VRPTW-ASYM-c67b3a3f-d1-n342-k21.txt;0;124775;10.7513
../instances/ORTEC-VRPTW-ASYM-c67b3a3f-d1-n342-k21.txt;0;124446;10.9066
../instances/ORTEC-VRPTW-ASYM-c67b3a3f-d1-n342-k21.txt;0;123986;13.4351
../instances/ORTEC-VRPTW-ASYM-c67b3a3f-d1-n342-k21.txt;0;123953;17.6188
../instances/ORTEC-VRPTW-ASYM-c67b3a3f-d1-n342-k21.txt;0;123793;18.213
../instances/ORTEC-VRPTW-ASYM-c67b3a3f-d1-n342-k21.txt;0;123643;18.9562
../instances/ORTEC-VRPTW-ASYM-c67b3a3f-d1-n342-k21.txt;0;123566;19.1485
../instances/ORTEC-VRPTW-ASYM-c67b3a3f-d1-n342-k21.txt;0;123170;22.8494
../instances/ORTEC-VRPTW-ASYM-c67b3a3f-d1-n342-k21.txt;0;123140;26.1819
../instances/ORTEC-VRPTW-ASYM-c67b3a3f-d1-n342-k21.txt;0;122731;29.0097
../instances/ORTEC-VRPTW-ASYM-c67b3a3f-d1-n342-k21.txt;0;122269;29.3749
../instances/ORTEC-VRPTW-ASYM-c67b3a3f-d1-n342-k21.txt;0;122022;35.6461
../instances/ORTEC-VRPTW-ASYM-c67b3a3f-d1-n342-k21.txt;0;121956;35.9696
../instances/ORTEC-VRPTW-ASYM-c67b3a3f-d1-n342-k21.txt;0;121928;36.422
../instances/ORTEC-VRPTW-ASYM-c67b3a3f-d1-n342-k21.txt;0;121888;38.8049
../instances/ORTEC-VRPTW-ASYM-c67b3a3f-d1-n342-k21.txt;0;121843;38.8789
../instances/ORTEC-VRPTW-ASYM-c67b3a3f-d1-n342-k21.txt;0;121815;40.8025
../instances/ORTEC-VRPTW-ASYM-c67b3a3f-d1-n342-k21.txt;0;121623;42.1283
../instances/ORTEC-VRPTW-ASYM-c67b3a3f-d1-n342-k21.txt;0;121613;45.7361
../instances/ORTEC-VRPTW-ASYM-c67b3a3f-d1-n342-k21.txt;0;121590;54.1743
../instances/ORTEC-VRPTW-ASYM-c67b3a3f-d1-n342-k21.txt;0;121553;55.2587
../instances/ORTEC-VRPTW-ASYM-c67b3a3f-d1-n342-k21.txt;0;121539;61.7662
../instances/ORTEC-VRPTW-ASYM-c67b3a3f-d1-n342-k21.txt;0;121532;62.3374
../instances/ORTEC-VRPTW-ASYM-c67b3a3f-d1-n342-k21.txt;0;121501;68.2739
../instances/ORTEC-VRPTW-ASYM-c67b3a3f-d1-n342-k21.txt;0;121280;70.0245
../instances/ORTEC-VRPTW-ASYM-c67b3a3f-d1-n342-k21.txt;0;121272;70.3852
../instances/ORTEC-VRPTW-ASYM-c67b3a3f-d1-n342-k21.txt;0;121252;70.5039
../instances/ORTEC-VRPTW-ASYM-c67b3a3f-d1-n342-k21.txt;0;121216;70.6187
../instances/ORTEC-VRPTW-ASYM-c67b3a3f-d1-n342-k21.txt;0;121200;72.4104
../instances/ORTEC-VRPTW-ASYM-c67b3a3f-d1-n342-k21.txt;0;121078;73.2174
../instances/ORTEC-VRPTW-ASYM-c67b3a3f-d1-n342-k21.txt;0;120953;74.5145
../instances/ORTEC-VRPTW-ASYM-c67b3a3f-d1-n342-k21.txt;0;120904;76.5753
../instances/ORTEC-VRPTW-ASYM-c67b3a3f-d1-n342-k21.txt;0;120887;78.1474
../instances/ORTEC-VRPTW-ASYM-c67b3a3f-d1-n342-k21.txt;0;120886;79.0818
../instances/ORTEC-VRPTW-ASYM-c67b3a3f-d1-n342-k21.txt;0;120858;81.0507
../instances/ORTEC-VRPTW-ASYM-c67b3a3f-d1-n342-k21.txt;0;120819;88.6271
../instances/ORTEC-VRPTW-ASYM-c67b3a3f-d1-n342-k21.txt;0;120812;91.5863
