../instances/ORTEC-VRPTW-ASYM-68e134ef-d1-n267-k20.txt;0;203479;0.078867
../instances/ORTEC-VRPTW-ASYM-68e134ef-d1-n267-k20.txt;0;201774;1.48849
../instances/ORTEC-VRPTW-ASYM-68e134ef-d1-n267-k20.txt;0;200432;1.58971
../instances/ORTEC-VRPTW-ASYM-68e134ef-d1-n267-k20.txt;0;199528;1.63453
../instances/ORTEC-VRPTW-ASYM-68e134ef-d1-n267-k20.txt;0;199478;1.8542
../instances/ORTEC-VRPTW-ASYM-68e134ef-d1-n267-k20.txt;0;199147;1.86326
../instances/ORTEC-VRPTW-ASYM-68e134ef-d1-n267-k20.txt;0;198604;1.91841
../instances/ORTEC-VRPTW-ASYM-68e134ef-d1-n267-k20.txt;0;196959;2.61553
../instances/ORTEC-VRPTW-ASYM-68e134ef-d1-n267-k20.txt;0;196639;2.6423
../instances/ORTEC-VRPTW-ASYM-68e134ef-d1-n267-k20.txt;0;196437;2.77483
../instances/ORTEC-VRPTW-ASYM-68e134ef-d1-n267-k20.txt;0;195129;2.90739
../instances/ORTEC-VRPTW-ASYM-68e134ef-d1-n267-k20.txt;0;194480;3.78025
../instances/ORTEC-VRPTW-ASYM-68e134ef-d1-n267-k20.txt;0;194393;4.18372
../instances/ORTEC-VRPTW-ASYM-68e134ef-d1-n267-k20.txt;0;193936;4.54052
../instances/ORTEC-VRPTW-ASYM-68e134ef-d1-n267-k20.txt;0;193173;5.62913
../instances/ORTEC-VRPTW-ASYM-68e134ef-d1-n267-k20.txt;0;191733;6.35724
../instances/ORTEC-VRPTW-ASYM-68e134ef-d1-n267-k20.txt;0;191671;7.63608
../instances/ORTEC-VRPTW-ASYM-68e134ef-d1-n267-k20.txt;0;191631;7.74605
../instances/ORTEC-VRPTW-ASYM-68e134ef-d1-n267-k20.txt;0;191172;8.74113
../instances/ORTEC-VRPTW-ASYM-68e134ef-d1-n267-k20.txt;0;191126;9.94114
../instances/ORTEC-VRPTW-ASYM-68e134ef-d1-n267-k20.txt;0;191119;10.2894
../instances/ORTEC-VRPTW-ASYM-68e134ef-d1-n267-k20.txt;0;191018;10.425
../instances/ORTEC-VRPTW-ASYM-68e134ef-d1-n267-k20.txt;0;190909;10.4344
../instances/ORTEC-VRPTW-ASYM-68e134ef-d1-n267-k20.txt;0;190746;11.1619
../instances/ORTEC-VRPTW-ASYM-68e134ef-d1-n267-k20.txt;0;190743;11.1965
../instances/ORTEC-VRPTW-ASYM-68e134ef-d1-n267-k20.txt;0;190614;11.2531
../instances/ORTEC-VRPTW-ASYM-68e134ef-d1-n267-k20.txt;0;190501;11.4034
../instances/ORTEC-VRPTW-ASYM-68e134ef-d1-n267-k20.txt;0;190440;11.907
../instances/ORTEC-VRPTW-ASYM-68e134ef-d1-n267-k20.txt;0;190439;12.5838
../instances/ORTEC-VRPTW-ASYM-68e134ef-d1-n267-k20.txt;0;190271;13.2552
../instances/ORTEC-VRPTW-ASYM-68e134ef-d1-n267-k20.txt;0;190270;13.7496
../instances/ORTEC-VRPTW-ASYM-68e134ef-d1-n267-k20.txt;0;190255;13.9258
../instances/ORTEC-VRPTW-ASYM-68e134ef-d1-n267-k20.txt;0;190253;15.2142
../instances/ORTEC-VRPTW-ASYM-68e134ef-d1-n267-k20.txt;0;190236;15.4853
../instances/ORTEC-VRPTW-ASYM-68e134ef-d1-n267-k20.txt;0;190173;15.5134
../instances/ORTEC-VRPTW-ASYM-68e134ef-d1-n267-k20.txt;0;190138;15.9435
../instances/ORTEC-VRPTW-ASYM-68e134ef-d1-n267-k20.txt;0;189895;16.8643
../instances/ORTEC-VRPTW-ASYM-68e134ef-d1-n267-k20.txt;0;189833;17.1717
../instances/ORTEC-VRPTW-ASYM-68e134ef-d1-n267-k20.txt;0;189803;17.6776
../instances/ORTEC-VRPTW-ASYM-68e134ef-d1-n267-k20.txt;0;189789;17.7409
../instances/ORTEC-VRPTW-ASYM-68e134ef-d1-n267-k20.txt;0;189754;17.8329
../instances/ORTEC-VRPTW-ASYM-68e134ef-d1-n267-k20.txt;0;189747;20.1021
../instances/ORTEC-VRPTW-ASYM-68e134ef-d1-n267-k20.txt;0;189668;20.423
../instances/ORTEC-VRPTW-ASYM-68e134ef-d1-n267-k20.txt;0;189612;24.0133
../instances/ORTEC-VRPTW-ASYM-68e134ef-d1-n267-k20.txt;0;189583;25.1406
../instances/ORTEC-VRPTW-ASYM-68e134ef-d1-n267-k20.txt;0;189551;26.4178
../instances/ORTEC-VRPTW-ASYM-68e134ef-d1-n267-k20.txt;0;189549;47.9403
../instances/ORTEC-VRPTW-ASYM-68e134ef-d1-n267-k20.txt;0;189424;73.5965
../instances/ORTEC-VRPTW-ASYM-68e134ef-d1-n267-k20.txt;0;189256;74.512
../instances/ORTEC-VRPTW-ASYM-68e134ef-d1-n267-k20.txt;0;189185;74.6237
../instances/ORTEC-VRPTW-ASYM-68e134ef-d1-n267-k20.txt;0;189159;75.5188
../instances/ORTEC-VRPTW-ASYM-68e134ef-d1-n267-k20.txt;0;189108;76.3662
../instances/ORTEC-VRPTW-ASYM-68e134ef-d1-n267-k20.txt;0;189095;78.5238
../instances/ORTEC-VRPTW-ASYM-68e134ef-d1-n267-k20.txt;0;189093;78.9089
../instances/ORTEC-VRPTW-ASYM-68e134ef-d1-n267-k20.txt;0;188833;145.927
../instances/ORTEC-VRPTW-ASYM-68e134ef-d1-n267-k20.txt;0;188831;148.111
../instances/ORTEC-VRPTW-ASYM-68e134ef-d1-n267-k20.txt;0;188826;232.614
../instances/ORTEC-VRPTW-ASYM-68e134ef-d1-n267-k20.txt;0;188783;241.046
../instances/ORTEC-VRPTW-ASYM-68e134ef-d1-n267-k20.txt;0;188768;241.832
../instances/ORTEC-VRPTW-ASYM-68e134ef-d1-n267-k20.txt;0;188719;248.244
../instances/ORTEC-VRPTW-ASYM-68e134ef-d1-n267-k20.txt;0;188717;248.403
../instances/ORTEC-VRPTW-ASYM-68e134ef-d1-n267-k20.txt;0;188709;258.077
../instances/ORTEC-VRPTW-ASYM-68e134ef-d1-n267-k20.txt;0;188688;267.65
../instances/ORTEC-VRPTW-ASYM-68e134ef-d1-n267-k20.txt;0;188675;276.595
../instances/ORTEC-VRPTW-ASYM-68e134ef-d1-n267-k20.txt;0;188645;356.324
../instances/ORTEC-VRPTW-ASYM-68e134ef-d1-n267-k20.txt;0;188431;370.242
