../instances/ORTEC-VRPTW-ASYM-1bc16246-d1-n503-k43.txt;0;279825;0.09653
../instances/ORTEC-VRPTW-ASYM-1bc16246-d1-n503-k43.txt;0;271683;0.239243
../instances/ORTEC-VRPTW-ASYM-1bc16246-d1-n503-k43.txt;0;270286;3.49031
../instances/ORTEC-VRPTW-ASYM-1bc16246-d1-n503-k43.txt;0;270231;3.72876
../instances/ORTEC-VRPTW-ASYM-1bc16246-d1-n503-k43.txt;0;268910;4.01175
../instances/ORTEC-VRPTW-ASYM-1bc16246-d1-n503-k43.txt;0;268279;4.05334
../instances/ORTEC-VRPTW-ASYM-1bc16246-d1-n503-k43.txt;0;264798;4.08645
../instances/ORTEC-VRPTW-ASYM-1bc16246-d1-n503-k43.txt;0;264302;5.1262
../instances/ORTEC-VRPTW-ASYM-1bc16246-d1-n503-k43.txt;0;259327;5.13413
../instances/ORTEC-VRPTW-ASYM-1bc16246-d1-n503-k43.txt;0;258999;5.40629
../instances/ORTEC-VRPTW-ASYM-1bc16246-d1-n503-k43.txt;0;257445;5.5957
../instances/ORTEC-VRPTW-ASYM-1bc16246-d1-n503-k43.txt;0;256301;7.13115
../instances/ORTEC-VRPTW-ASYM-1bc16246-d1-n503-k43.txt;0;256224;7.49458
../instances/ORTEC-VRPTW-ASYM-1bc16246-d1-n503-k43.txt;0;255113;8.06575
../instances/ORTEC-VRPTW-ASYM-1bc16246-d1-n503-k43.txt;0;254145;8.41532
../instances/ORTEC-VRPTW-ASYM-1bc16246-d1-n503-k43.txt;0;253434;8.98002
../instances/ORTEC-VRPTW-ASYM-1bc16246-d1-n503-k43.txt;0;252667;10.4264
../instances/ORTEC-VRPTW-ASYM-1bc16246-d1-n503-k43.txt;0;252389;13.7115
../instances/ORTEC-VRPTW-ASYM-1bc16246-d1-n503-k43.txt;0;250604;13.9796
../instances/ORTEC-VRPTW-ASYM-1bc16246-d1-n503-k43.txt;0;250220;15.3615
../instances/ORTEC-VRPTW-ASYM-1bc16246-d1-n503-k43.txt;0;249488;16.8877
../instances/ORTEC-VRPTW-ASYM-1bc16246-d1-n503-k43.txt;0;249239;17.5657
../instances/ORTEC-VRPTW-ASYM-1bc16246-d1-n503-k43.txt;0;248671;18.0506
../instances/ORTEC-VRPTW-ASYM-1bc16246-d1-n503-k43.txt;0;248451;18.7401
../instances/ORTEC-VRPTW-ASYM-1bc16246-d1-n503-k43.txt;0;248039;19.9595
../instances/ORTEC-VRPTW-ASYM-1bc16246-d1-n503-k43.txt;0;247991;20.1039
../instances/ORTEC-VRPTW-ASYM-1bc16246-d1-n503-k43.txt;0;247648;20.4574
../instances/ORTEC-VRPTW-ASYM-1bc16246-d1-n503-k43.txt;0;247631;23.3809
../instances/ORTEC-VRPTW-ASYM-1bc16246-d1-n503-k43.txt;0;247254;23.8454
../instances/ORTEC-VRPTW-ASYM-1bc16246-d1-n503-k43.txt;0;247251;25.5055
../instances/ORTEC-VRPTW-ASYM-1bc16246-d1-n503-k43.txt;0;246357;26.1959
../instances/ORTEC-VRPTW-ASYM-1bc16246-d1-n503-k43.txt;0;246081;26.7946
../instances/ORTEC-VRPTW-ASYM-1bc16246-d1-n503-k43.txt;0;246055;30.5186
../instances/ORTEC-VRPTW-ASYM-1bc16246-d1-n503-k43.txt;0;245953;30.5727
../instances/ORTEC-VRPTW-ASYM-1bc16246-d1-n503-k43.txt;0;245698;31.1751
../instances/ORTEC-VRPTW-ASYM-1bc16246-d1-n503-k43.txt;0;244991;33.7812
../instances/ORTEC-VRPTW-ASYM-1bc16246-d1-n503-k43.txt;0;244815;37.3825
../instances/ORTEC-VRPTW-ASYM-1bc16246-d1-n503-k43.txt;0;244775;38.4765
../instances/ORTEC-VRPTW-ASYM-1bc16246-d1-n503-k43.txt;0;244704;38.6558
../instances/ORTEC-VRPTW-ASYM-1bc16246-d1-n503-k43.txt;0;244628;41.9883
../instances/ORTEC-VRPTW-ASYM-1bc16246-d1-n503-k43.txt;0;244627;42.019
../instances/ORTEC-VRPTW-ASYM-1bc16246-d1-n503-k43.txt;0;244556;42.1277
../instances/ORTEC-VRPTW-ASYM-1bc16246-d1-n503-k43.txt;0;244414;42.418
../instances/ORTEC-VRPTW-ASYM-1bc16246-d1-n503-k43.txt;0;244406;42.526
../instances/ORTEC-VRPTW-ASYM-1bc16246-d1-n503-k43.txt;0;244305;44.5572
../instances/ORTEC-VRPTW-ASYM-1bc16246-d1-n503-k43.txt;0;244170;47.0378
../instances/ORTEC-VRPTW-ASYM-1bc16246-d1-n503-k43.txt;0;244038;48.4334
../instances/ORTEC-VRPTW-ASYM-1bc16246-d1-n503-k43.txt;0;244037;52.4326
../instances/ORTEC-VRPTW-ASYM-1bc16246-d1-n503-k43.txt;0;243972;57.9985
../instances/ORTEC-VRPTW-ASYM-1bc16246-d1-n503-k43.txt;0;243959;59.6504
../instances/ORTEC-VRPTW-ASYM-1bc16246-d1-n503-k43.txt;0;243853;59.7124
../instances/ORTEC-VRPTW-ASYM-1bc16246-d1-n503-k43.txt;0;243807;61.131
../instances/ORTEC-VRPTW-ASYM-1bc16246-d1-n503-k43.txt;0;243793;61.253
../instances/ORTEC-VRPTW-ASYM-1bc16246-d1-n503-k43.txt;0;243717;62.5036
../instances/ORTEC-VRPTW-ASYM-1bc16246-d1-n503-k43.txt;0;243711;64.419
../instances/ORTEC-VRPTW-ASYM-1bc16246-d1-n503-k43.txt;0;243690;68.5115
../instances/ORTEC-VRPTW-ASYM-1bc16246-d1-n503-k43.txt;0;243659;68.7013
../instances/ORTEC-VRPTW-ASYM-1bc16246-d1-n503-k43.txt;0;243449;69.8701
../instances/ORTEC-VRPTW-ASYM-1bc16246-d1-n503-k43.txt;0;243396;72.4743
../instances/ORTEC-VRPTW-ASYM-1bc16246-d1-n503-k43.txt;0;243389;72.5464
../instances/ORTEC-VRPTW-ASYM-1bc16246-d1-n503-k43.txt;0;243305;75.4328
../instances/ORTEC-VRPTW-ASYM-1bc16246-d1-n503-k43.txt;0;243302;75.5634
../instances/ORTEC-VRPTW-ASYM-1bc16246-d1-n503-k43.txt;0;243288;79.8452
../instances/ORTEC-VRPTW-ASYM-1bc16246-d1-n503-k43.txt;0;243283;91.3931
../instances/ORTEC-VRPTW-ASYM-1bc16246-d1-n503-k43.txt;0;243264;140.861
../instances/ORTEC-VRPTW-ASYM-1bc16246-d1-n503-k43.txt;0;243258;145.368
../instances/ORTEC-VRPTW-ASYM-1bc16246-d1-n503-k43.txt;0;243251;146.262
../instances/ORTEC-VRPTW-ASYM-1bc16246-d1-n503-k43.txt;0;243213;147.316
../instances/ORTEC-VRPTW-ASYM-1bc16246-d1-n503-k43.txt;0;243210;193.039
../instances/ORTEC-VRPTW-ASYM-1bc16246-d1-n503-k43.txt;0;243170;253.741
../instances/ORTEC-VRPTW-ASYM-1bc16246-d1-n503-k43.txt;0;243169;254.348
../instances/ORTEC-VRPTW-ASYM-1bc16246-d1-n503-k43.txt;0;243120;265.379
../instances/ORTEC-VRPTW-ASYM-1bc16246-d1-n503-k43.txt;0;243117;265.857
../instances/ORTEC-VRPTW-ASYM-1bc16246-d1-n503-k43.txt;0;243115;266.385
../instances/ORTEC-VRPTW-ASYM-1bc16246-d1-n503-k43.txt;0;243114;272.25
../instances/ORTEC-VRPTW-ASYM-1bc16246-d1-n503-k43.txt;0;243113;284.428
