../instances/ORTEC-VRPTW-ASYM-b3635658-d1-n457-k28.txt;0;282025;0.089934
../instances/ORTEC-VRPTW-ASYM-b3635658-d1-n457-k28.txt;0;273694;0.963636
../instances/ORTEC-VRPTW-ASYM-b3635658-d1-n457-k28.txt;0;272986;2.86469
../instances/ORTEC-VRPTW-ASYM-b3635658-d1-n457-k28.txt;0;271517;3.11276
../instances/ORTEC-VRPTW-ASYM-b3635658-d1-n457-k28.txt;0;269383;3.26007
../instances/ORTEC-VRPTW-ASYM-b3635658-d1-n457-k28.txt;0;268991;3.58134
../instances/ORTEC-VRPTW-ASYM-b3635658-d1-n457-k28.txt;0;268563;3.80357
../instances/ORTEC-VRPTW-ASYM-b3635658-d1-n457-k28.txt;0;266403;3.94096
../instances/ORTEC-VRPTW-ASYM-b3635658-d1-n457-k28.txt;0;265778;4.53991
../instances/ORTEC-VRPTW-ASYM-b3635658-d1-n457-k28.txt;0;264298;4.64332
../instances/ORTEC-VRPTW-ASYM-b3635658-d1-n457-k28.txt;0;263311;5.23792
../instances/ORTEC-VRPTW-ASYM-b3635658-d1-n457-k28.txt;0;262556;5.48667
../instances/ORTEC-VRPTW-ASYM-b3635658-d1-n457-k28.txt;0;261628;5.62948
../instances/ORTEC-VRPTW-ASYM-b3635658-d1-n457-k28.txt;0;260630;6.83942
../instances/ORTEC-VRPTW-ASYM-b3635658-d1-n457-k28.txt;0;259279;7.54003
../instances/ORTEC-VRPTW-ASYM-b3635658-d1-n457-k28.txt;0;259061;9.21076
../instances/ORTEC-VRPTW-ASYM-b3635658-d1-n457-k28.txt;0;257012;9.28633
../instances/ORTEC-VRPTW-ASYM-b3635658-d1-n457-k28.txt;0;256732;10.7333
../instances/ORTEC-VRPTW-ASYM-b3635658-d1-n457-k28.txt;0;256155;13.2293
../instances/ORTEC-VRPTW-ASYM-b3635658-d1-n457-k28.txt;0;255559;14.4341
../instances/ORTEC-VRPTW-ASYM-b3635658-d1-n457-k28.txt;0;255386;15.6373
../instances/ORTEC-VRPTW-ASYM-b3635658-d1-n457-k28.txt;0;255213;16.2276
../instances/ORTEC-VRPTW-ASYM-b3635658-d1-n457-k28.txt;0;254889;17.4373
../instances/ORTEC-VRPTW-ASYM-b3635658-d1-n457-k28.txt;0;254826;19.9708
../instances/ORTEC-VRPTW-ASYM-b3635658-d1-n457-k28.txt;0;254756;20.928
../instances/ORTEC-VRPTW-ASYM-b3635658-d1-n457-k28.txt;0;254478;20.9573
../instances/ORTEC-VRPTW-ASYM-b3635658-d1-n457-k28.txt;0;253577;22.5653
../instances/ORTEC-VRPTW-ASYM-b3635658-d1-n457-k28.txt;0;253019;23.2024
../instances/ORTEC-VRPTW-ASYM-b3635658-d1-n457-k28.txt;0;253014;26.2888
../instances/ORTEC-VRPTW-ASYM-b3635658-d1-n457-k28.txt;0;252872;27.8291
../instances/ORTEC-VRPTW-ASYM-b3635658-d1-n457-k28.txt;0;252815;27.9229
../instances/ORTEC-VRPTW-ASYM-b3635658-d1-n457-k28.txt;0;252662;27.9489
../instances/ORTEC-VRPTW-ASYM-b3635658-d1-n457-k28.txt;0;252654;28.5638
../instances/ORTEC-VRPTW-ASYM-b3635658-d1-n457-k28.txt;0;252401;29.1817
../instances/ORTEC-VRPTW-ASYM-b3635658-d1-n457-k28.txt;0;252251;29.4785
../instances/ORTEC-VRPTW-ASYM-b3635658-d1-n457-k28.txt;0;252176;30.8932
../instances/ORTEC-VRPTW-ASYM-b3635658-d1-n457-k28.txt;0;251974;31.4126
../instances/ORTEC-VRPTW-ASYM-b3635658-d1-n457-k28.txt;0;251445;32.0236
../instances/ORTEC-VRPTW-ASYM-b3635658-d1-n457-k28.txt;0;251351;34.5725
../instances/ORTEC-VRPTW-ASYM-b3635658-d1-n457-k28.txt;0;251191;34.6558
../instances/ORTEC-VRPTW-ASYM-b3635658-d1-n457-k28.txt;0;251062;35.1871
../instances/ORTEC-VRPTW-ASYM-b3635658-d1-n457-k28.txt;0;250936;35.801
../instances/ORTEC-VRPTW-ASYM-b3635658-d1-n457-k28.txt;0;250911;35.8991
../instances/ORTEC-VRPTW-ASYM-b3635658-d1-n457-k28.txt;0;250868;36.6875
../instances/ORTEC-VRPTW-ASYM-b3635658-d1-n457-k28.txt;0;250746;36.7526
../instances/ORTEC-VRPTW-ASYM-b3635658-d1-n457-k28.txt;0;250462;37.1186
../instances/ORTEC-VRPTW-ASYM-b3635658-d1-n457-k28.txt;0;250381;37.5932
../instances/ORTEC-VRPTW-ASYM-b3635658-d1-n457-k28.txt;0;250376;38.7894
../instances/ORTEC-VRPTW-ASYM-b3635658-d1-n457-k28.txt;0;250192;39.7276
../instances/ORTEC-VRPTW-ASYM-b3635658-d1-n457-k28.txt;0;250020;40.305
../instances/ORTEC-VRPTW-ASYM-b3635658-d1-n457-k28.txt;0;249979;41.2939
../instances/ORTEC-VRPTW-ASYM-b3635658-d1-n457-k28.txt;0;249918;41.7779
../instances/ORTEC-VRPTW-ASYM-b3635658-d1-n457-k28.txt;0;249715;41.9385
../instances/ORTEC-VRPTW-ASYM-b3635658-d1-n457-k28.txt;0;249677;42.113
../instances/ORTEC-VRPTW-ASYM-b3635658-d1-n457-k28.txt;0;249618;43.3853
../instances/ORTEC-VRPTW-ASYM-b3635658-d1-n457-k28.txt;0;249596;43.4776
../instances/ORTEC-VRPTW-ASYM-b3635658-d1-n457-k28.txt;0;249578;44.6552
../instances/ORTEC-VRPTW-ASYM-b3635658-d1-n457-k28.txt;0;249570;44.7476
../instances/ORTEC-VRPTW-ASYM-b3635658-d1-n457-k28.txt;0;249558;45.9732
../instances/ORTEC-VRPTW-ASYM-b3635658-d1-n457-k28.txt;0;249367;46.5597
../instances/ORTEC-VRPTW-ASYM-b3635658-d1-n457-k28.txt;0;249036;47.342
../instances/ORTEC-VRPTW-ASYM-b3635658-d1-n457-k28.txt;0;249033;48.6725
../instances/ORTEC-VRPTW-ASYM-b3635658-d1-n457-k28.txt;0;248950;49.1123
../instances/ORTEC-VRPTW-ASYM-b3635658-d1-n457-k28.txt;0;248558;51.1226
../instances/ORTEC-VRPTW-ASYM-b3635658-d1-n457-k28.txt;0;248493;54.0931
../instances/ORTEC-VRPTW-ASYM-b3635658-d1-n457-k28.txt;0;248470;54.22
../instances/ORTEC-VRPTW-ASYM-b3635658-d1-n457-k28.txt;0;248440;56.4815
