../instances/ORTEC-VRPTW-ASYM-ce78488d-d1-n332-k30.txt;0;168528;0.063567
../instances/ORTEC-VRPTW-ASYM-ce78488d-d1-n332-k30.txt;0;165789;0.118354
../instances/ORTEC-VRPTW-ASYM-ce78488d-d1-n332-k30.txt;0;164257;0.236754
../instances/ORTEC-VRPTW-ASYM-ce78488d-d1-n332-k30.txt;0;163493;1.07669
../instances/ORTEC-VRPTW-ASYM-ce78488d-d1-n332-k30.txt;0;162258;2.23865
../instances/ORTEC-VRPTW-ASYM-ce78488d-d1-n332-k30.txt;0;161085;2.41682
../instances/ORTEC-VRPTW-ASYM-ce78488d-d1-n332-k30.txt;0;159228;2.46807
../instances/ORTEC-VRPTW-ASYM-ce78488d-d1-n332-k30.txt;0;159181;2.47543
../instances/ORTEC-VRPTW-ASYM-ce78488d-d1-n332-k30.txt;0;158707;2.73789
../instances/ORTEC-VRPTW-ASYM-ce78488d-d1-n332-k30.txt;0;156116;2.85891
../instances/ORTEC-VRPTW-ASYM-ce78488d-d1-n332-k30.txt;0;155834;4.14425
../instances/ORTEC-VRPTW-ASYM-ce78488d-d1-n332-k30.txt;0;155329;5.17836
../instances/ORTEC-VRPTW-ASYM-ce78488d-d1-n332-k30.txt;0;155196;5.61981
../instances/ORTEC-VRPTW-ASYM-ce78488d-d1-n332-k30.txt;0;154526;6.35466
../instances/ORTEC-VRPTW-ASYM-ce78488d-d1-n332-k30.txt;0;154518;6.48715
../instances/ORTEC-VRPTW-ASYM-ce78488d-d1-n332-k30.txt;0;154053;6.6693
../instances/ORTEC-VRPTW-ASYM-ce78488d-d1-n332-k30.txt;0;153796;7.49961
../instances/ORTEC-VRPTW-ASYM-ce78488d-d1-n332-k30.txt;0;153407;7.6939
../instances/ORTEC-VRPTW-ASYM-ce78488d-d1-n332-k30.txt;0;152543;8.04967
../instances/ORTEC-VRPTW-ASYM-ce78488d-d1-n332-k30.txt;0;152150;8.56102
../instances/ORTEC-VRPTW-ASYM-ce78488d-d1-n332-k30.txt;0;151880;10.1213
../instances/ORTEC-VRPTW-ASYM-ce78488d-d1-n332-k30.txt;0;151724;10.6348
../instances/ORTEC-VRPTW-ASYM-ce78488d-d1-n332-k30.txt;0;151658;10.8506
../instances/ORTEC-VRPTW-ASYM-ce78488d-d1-n332-k30.txt;0;151408;11.753
../instances/ORTEC-VRPTW-ASYM-ce78488d-d1-n332-k30.txt;0;151379;11.9803
../instances/ORTEC-VRPTW-ASYM-ce78488d-d1-n332-k30.txt;0;151116;12.0419
../instances/ORTEC-VRPTW-ASYM-ce78488d-d1-n332-k30.txt;0;151049;13.9813
../instances/ORTEC-VRPTW-ASYM-ce78488d-d1-n332-k30.txt;0;150675;14.4921
../instances/ORTEC-VRPTW-ASYM-ce78488d-d1-n332-k30.txt;0;150378;16.245
../instances/ORTEC-VRPTW-ASYM-ce78488d-d1-n332-k30.txt;0;149660;16.5761
../instances/ORTEC-VRPTW-ASYM-ce78488d-d1-n332-k30.txt;0;149451;21.8255
../instances/ORTEC-VRPTW-ASYM-ce78488d-d1-n332-k30.txt;0;149305;26.6137
../instances/ORTEC-VRPTW-ASYM-ce78488d-d1-n332-k30.txt;0;149184;27.5622
../instances/ORTEC-VRPTW-ASYM-ce78488d-d1-n332-k30.txt;0;148714;32.1444
../instances/ORTEC-VRPTW-ASYM-ce78488d-d1-n332-k30.txt;0;148678;33.7647
../instances/ORTEC-VRPTW-ASYM-ce78488d-d1-n332-k30.txt;0;148648;35.237
../instances/ORTEC-VRPTW-ASYM-ce78488d-d1-n332-k30.txt;0;148345;35.9186
../instances/ORTEC-VRPTW-ASYM-ce78488d-d1-n332-k30.txt;0;148301;44.8437
../instances/ORTEC-VRPTW-ASYM-ce78488d-d1-n332-k30.txt;0;148199;45.2107
../instances/ORTEC-VRPTW-ASYM-ce78488d-d1-n332-k30.txt;0;148154;48.5793
../instances/ORTEC-VRPTW-ASYM-ce78488d-d1-n332-k30.txt;0;148104;49.4047
../instances/ORTEC-VRPTW-ASYM-ce78488d-d1-n332-k30.txt;0;147830;51.5029
../instances/ORTEC-VRPTW-ASYM-ce78488d-d1-n332-k30.txt;0;147828;53.585
../instances/ORTEC-VRPTW-ASYM-ce78488d-d1-n332-k30.txt;0;147757;54.6604
../instances/ORTEC-VRPTW-ASYM-ce78488d-d1-n332-k30.txt;0;147746;55.1858
../instances/ORTEC-VRPTW-ASYM-ce78488d-d1-n332-k30.txt;0;147667;55.2204
../instances/ORTEC-VRPTW-ASYM-ce78488d-d1-n332-k30.txt;0;147655;56.4424
../instances/ORTEC-VRPTW-ASYM-ce78488d-d1-n332-k30.txt;0;147386;57.5257
../instances/ORTEC-VRPTW-ASYM-ce78488d-d1-n332-k30.txt;0;147250;59.4549
../instances/ORTEC-VRPTW-ASYM-ce78488d-d1-n332-k30.txt;0;147136;61.4277
../instances/ORTEC-VRPTW-ASYM-ce78488d-d1-n332-k30.txt;0;146995;61.4869
../instances/ORTEC-VRPTW-ASYM-ce78488d-d1-n332-k30.txt;0;146927;62.8929
../instances/ORTEC-VRPTW-ASYM-ce78488d-d1-n332-k30.txt;0;146882;63.0912
../instances/ORTEC-VRPTW-ASYM-ce78488d-d1-n332-k30.txt;0;146879;63.1548
../instances/ORTEC-VRPTW-ASYM-ce78488d-d1-n332-k30.txt;0;146762;63.3428
../instances/ORTEC-VRPTW-ASYM-ce78488d-d1-n332-k30.txt;0;146723;65.8827
../instances/ORTEC-VRPTW-ASYM-ce78488d-d1-n332-k30.txt;0;146584;67.7532
../instances/ORTEC-VRPTW-ASYM-ce78488d-d1-n332-k30.txt;0;146530;70.1874
../instances/ORTEC-VRPTW-ASYM-ce78488d-d1-n332-k30.txt;0;146494;72.185
../instances/ORTEC-VRPTW-ASYM-ce78488d-d1-n332-k30.txt;0;146486;74.7478
../instances/ORTEC-VRPTW-ASYM-ce78488d-d1-n332-k30.txt;0;146481;75.6801
../instances/ORTEC-VRPTW-ASYM-ce78488d-d1-n332-k30.txt;0;146439;76.238
../instances/ORTEC-VRPTW-ASYM-ce78488d-d1-n332-k30.txt;0;146416;78.8675
../instances/ORTEC-VRPTW-ASYM-ce78488d-d1-n332-k30.txt;0;146365;79.0304
../instances/ORTEC-VRPTW-ASYM-ce78488d-d1-n332-k30.txt;0;146362;80.1833
../instances/ORTEC-VRPTW-ASYM-ce78488d-d1-n332-k30.txt;0;146341;83.8696
../instances/ORTEC-VRPTW-ASYM-ce78488d-d1-n332-k30.txt;0;146255;99.7549
../instances/ORTEC-VRPTW-ASYM-ce78488d-d1-n332-k30.txt;0;146121;105.614
../instances/ORTEC-VRPTW-ASYM-ce78488d-d1-n332-k30.txt;0;146008;106.532
../instances/ORTEC-VRPTW-ASYM-ce78488d-d1-n332-k30.txt;0;145948;110.217
../instances/ORTEC-VRPTW-ASYM-ce78488d-d1-n332-k30.txt;0;145928;110.791
../instances/ORTEC-VRPTW-ASYM-ce78488d-d1-n332-k30.txt;0;145915;116.168
../instances/ORTEC-VRPTW-ASYM-ce78488d-d1-n332-k30.txt;0;145883;122.311
../instances/ORTEC-VRPTW-ASYM-ce78488d-d1-n332-k30.txt;0;145869;123.561
../instances/ORTEC-VRPTW-ASYM-ce78488d-d1-n332-k30.txt;0;145866;126.881
../instances/ORTEC-VRPTW-ASYM-ce78488d-d1-n332-k30.txt;0;145792;128.699
../instances/ORTEC-VRPTW-ASYM-ce78488d-d1-n332-k30.txt;0;145777;130.612
../instances/ORTEC-VRPTW-ASYM-ce78488d-d1-n332-k30.txt;0;145763;131.279
../instances/ORTEC-VRPTW-ASYM-ce78488d-d1-n332-k30.txt;0;145673;131.821
../instances/ORTEC-VRPTW-ASYM-ce78488d-d1-n332-k30.txt;0;145604;132.333
../instances/ORTEC-VRPTW-ASYM-ce78488d-d1-n332-k30.txt;0;145553;133.59
../instances/ORTEC-VRPTW-ASYM-ce78488d-d1-n332-k30.txt;0;145512;134.221
../instances/ORTEC-VRPTW-ASYM-ce78488d-d1-n332-k30.txt;0;145354;134.579
../instances/ORTEC-VRPTW-ASYM-ce78488d-d1-n332-k30.txt;0;145302;141.008
../instances/ORTEC-VRPTW-ASYM-ce78488d-d1-n332-k30.txt;0;145218;144.758
