../instances/ORTEC-VRPTW-ASYM-e2f2ccf7-d1-n285-k25.txt;0;108309;0.10408
../instances/ORTEC-VRPTW-ASYM-e2f2ccf7-d1-n285-k25.txt;0;107361;0.171286
../instances/ORTEC-VRPTW-ASYM-e2f2ccf7-d1-n285-k25.txt;0;106364;1.74978
../instances/ORTEC-VRPTW-ASYM-e2f2ccf7-d1-n285-k25.txt;0;104893;1.94469
../instances/ORTEC-VRPTW-ASYM-e2f2ccf7-d1-n285-k25.txt;0;103760;2.06272
../instances/ORTEC-VRPTW-ASYM-e2f2ccf7-d1-n285-k25.txt;0;102260;2.11084
../instances/ORTEC-VRPTW-ASYM-e2f2ccf7-d1-n285-k25.txt;0;102217;2.8428
../instances/ORTEC-VRPTW-ASYM-e2f2ccf7-d1-n285-k25.txt;0;101553;2.85508
../instances/ORTEC-VRPTW-ASYM-e2f2ccf7-d1-n285-k25.txt;0;101531;3.05761
../instances/ORTEC-VRPTW-ASYM-e2f2ccf7-d1-n285-k25.txt;0;100407;3.07275
../instances/ORTEC-VRPTW-ASYM-e2f2ccf7-d1-n285-k25.txt;0;100056;3.08688
../instances/ORTEC-VRPTW-ASYM-e2f2ccf7-d1-n285-k25.txt;0;99881;3.49822
../instances/ORTEC-VRPTW-ASYM-e2f2ccf7-d1-n285-k25.txt;0;98951;3.56012
../instances/ORTEC-VRPTW-ASYM-e2f2ccf7-d1-n285-k25.txt;0;98788;4.05401
../instances/ORTEC-VRPTW-ASYM-e2f2ccf7-d1-n285-k25.txt;0;98717;4.38151
../instances/ORTEC-VRPTW-ASYM-e2f2ccf7-d1-n285-k25.txt;0;98522;5.42423
../instances/ORTEC-VRPTW-ASYM-e2f2ccf7-d1-n285-k25.txt;0;97822;6.06634
../instances/ORTEC-VRPTW-ASYM-e2f2ccf7-d1-n285-k25.txt;0;97797;7.09064
../instances/ORTEC-VRPTW-ASYM-e2f2ccf7-d1-n285-k25.txt;0;97411;7.15057
../instances/ORTEC-VRPTW-ASYM-e2f2ccf7-d1-n285-k25.txt;0;96939;7.25876
../instances/ORTEC-VRPTW-ASYM-e2f2ccf7-d1-n285-k25.txt;0;96879;8.84675
../instances/ORTEC-VRPTW-ASYM-e2f2ccf7-d1-n285-k25.txt;0;96500;9.53128
../instances/ORTEC-VRPTW-ASYM-e2f2ccf7-d1-n285-k25.txt;0;96484;10.2724
../instances/ORTEC-VRPTW-ASYM-e2f2ccf7-d1-n285-k25.txt;0;96483;10.6021
../instances/ORTEC-VRPTW-ASYM-e2f2ccf7-d1-n285-k25.txt;0;96118;10.9217
../instances/ORTEC-VRPTW-ASYM-e2f2ccf7-d1-n285-k25.txt;0;95667;12.4844
../instances/ORTEC-VRPTW-ASYM-e2f2ccf7-d1-n285-k25.txt;0;95653;13.1991
../instances/ORTEC-VRPTW-ASYM-e2f2ccf7-d1-n285-k25.txt;0;95479;13.4203
../instances/ORTEC-VRPTW-ASYM-e2f2ccf7-d1-n285-k25.txt;0;95206;15.0374
../instances/ORTEC-VRPTW-ASYM-e2f2ccf7-d1-n285-k25.txt;0;95151;16.9784
../instances/ORTEC-VRPTW-ASYM-e2f2ccf7-d1-n285-k25.txt;0;94881;16.9925
../instances/ORTEC-VRPTW-ASYM-e2f2ccf7-d1-n285-k25.txt;0;94752;17.8749
../instances/ORTEC-VRPTW-ASYM-e2f2ccf7-d1-n285-k25.txt;0;94603;20.2642
../instances/ORTEC-VRPTW-ASYM-e2f2ccf7-d1-n285-k25.txt;0;94591;20.8136
../instances/ORTEC-VRPTW-ASYM-e2f2ccf7-d1-n285-k25.txt;0;94502;22.1001
../instances/ORTEC-VRPTW-ASYM-e2f2ccf7-d1-n285-k25.txt;0;94496;23.8179
../instances/ORTEC-VRPTW-ASYM-e2f2ccf7-d1-n285-k25.txt;0;94454;25.5558
../instances/ORTEC-VRPTW-ASYM-e2f2ccf7-d1-n285-k25.txt;0;94416;26.7372
../instances/ORTEC-VRPTW-ASYM-e2f2ccf7-d1-n285-k25.txt;0;94401;27.4532
../instances/ORTEC-VRPTW-ASYM-e2f2ccf7-d1-n285-k25.txt;0;94396;29.058
../instances/ORTEC-VRPTW-ASYM-e2f2ccf7-d1-n285-k25.txt;0;94382;29.1214
../instances/ORTEC-VRPTW-ASYM-e2f2ccf7-d1-n285-k25.txt;0;94379;29.7243
../instances/ORTEC-VRPTW-ASYM-e2f2ccf7-d1-n285-k25.txt;0;94307;30.0134
../instances/ORTEC-VRPTW-ASYM-e2f2ccf7-d1-n285-k25.txt;0;94273;30.3041
../instances/ORTEC-VRPTW-ASYM-e2f2ccf7-d1-n285-k25.txt;0;94270;34.4386
../instances/ORTEC-VRPTW-ASYM-e2f2ccf7-d1-n285-k25.txt;0;94265;34.6579
../instances/ORTEC-VRPTW-ASYM-e2f2ccf7-d1-n285-k25.txt;0;94263;34.8292
