../instances/ORTEC-VRPTW-ASYM-b3059fbe-d1-n325-k20.txt;0;126492;0.045758
../instances/ORTEC-VRPTW-ASYM-b3059fbe-d1-n325-k20.txt;0;125889;1.57169
../instances/ORTEC-VRPTW-ASYM-b3059fbe-d1-n325-k20.txt;0;125767;1.75362
../instances/ORTEC-VRPTW-ASYM-b3059fbe-d1-n325-k20.txt;0;125258;1.94713
../instances/ORTEC-VRPTW-ASYM-b3059fbe-d1-n325-k20.txt;0;125040;1.95497
../instances/ORTEC-VRPTW-ASYM-b3059fbe-d1-n325-k20.txt;0;124602;1.96598
../instances/ORTEC-VRPTW-ASYM-b3059fbe-d1-n325-k20.txt;0;124273;1.97526
../instances/ORTEC-VRPTW-ASYM-b3059fbe-d1-n325-k20.txt;0;124198;2.0066
../instances/ORTEC-VRPTW-ASYM-b3059fbe-d1-n325-k20.txt;0;123308;2.36714
../instances/ORTEC-VRPTW-ASYM-b3059fbe-d1-n325-k20.txt;0;122322;2.64545
../instances/ORTEC-VRPTW-ASYM-b3059fbe-d1-n325-k20.txt;0;122021;3.0947
../instances/ORTEC-VRPTW-ASYM-b3059fbe-d1-n325-k20.txt;0;121691;3.50204
../instances/ORTEC-VRPTW-ASYM-b3059fbe-d1-n325-k20.txt;0;121530;4.06525
../instances/ORTEC-VRPTW-ASYM-b3059fbe-d1-n325-k20.txt;0;120890;4.30717
../instances/ORTEC-VRPTW-ASYM-b3059fbe-d1-n325-k20.txt;0;120267;5.50326
../instances/ORTEC-VRPTW-ASYM-b3059fbe-d1-n325-k20.txt;0;120266;6.34305
../instances/ORTEC-VRPTW-ASYM-b3059fbe-d1-n325-k20.txt;0;120134;6.53758
../instances/ORTEC-VRPTW-ASYM-b3059fbe-d1-n325-k20.txt;0;119993;7.76125
../instances/ORTEC-VRPTW-ASYM-b3059fbe-d1-n325-k20.txt;0;119947;8.0795
../instances/ORTEC-VRPTW-ASYM-b3059fbe-d1-n325-k20.txt;0;119913;12.9744
../instances/ORTEC-VRPTW-ASYM-b3059fbe-d1-n325-k20.txt;0;119435;13.3214
../instances/ORTEC-VRPTW-ASYM-b3059fbe-d1-n325-k20.txt;0;119277;14.1923
../instances/ORTEC-VRPTW-ASYM-b3059fbe-d1-n325-k20.txt;0;119227;18.8705
../instances/ORTEC-VRPTW-ASYM-b3059fbe-d1-n325-k20.txt;0;119124;20.1087
../instances/ORTEC-VRPTW-ASYM-b3059fbe-d1-n325-k20.txt;0;119000;20.3921
../instances/ORTEC-VRPTW-ASYM-b3059fbe-d1-n325-k20.txt;0;118978;22.036
../instances/ORTEC-VRPTW-ASYM-b3059fbe-d1-n325-k20.txt;0;118841;28.6244
../instances/ORTEC-VRPTW-ASYM-b3059fbe-d1-n325-k20.txt;0;118723;29.5929
../instances/ORTEC-VRPTW-ASYM-b3059fbe-d1-n325-k20.txt;0;118700;30.5795
../instances/ORTEC-VRPTW-ASYM-b3059fbe-d1-n325-k20.txt;0;118665;33.6092
../instances/ORTEC-VRPTW-ASYM-b3059fbe-d1-n325-k20.txt;0;118614;36.0558
../instances/ORTEC-VRPTW-ASYM-b3059fbe-d1-n325-k20.txt;0;118595;38.1325
../instances/ORTEC-VRPTW-ASYM-b3059fbe-d1-n325-k20.txt;0;118523;38.8694
../instances/ORTEC-VRPTW-ASYM-b3059fbe-d1-n325-k20.txt;0;118421;39.0063
../instances/ORTEC-VRPTW-ASYM-b3059fbe-d1-n325-k20.txt;0;118329;39.9884
../instances/ORTEC-VRPTW-ASYM-b3059fbe-d1-n325-k20.txt;0;118293;40.3015
../instances/ORTEC-VRPTW-ASYM-b3059fbe-d1-n325-k20.txt;0;118186;42.128
../instances/ORTEC-VRPTW-ASYM-b3059fbe-d1-n325-k20.txt;0;118139;42.196
../instances/ORTEC-VRPTW-ASYM-b3059fbe-d1-n325-k20.txt;0;117936;42.517
../instances/ORTEC-VRPTW-ASYM-b3059fbe-d1-n325-k20.txt;0;117881;45.1668
../instances/ORTEC-VRPTW-ASYM-b3059fbe-d1-n325-k20.txt;0;117587;46.107
../instances/ORTEC-VRPTW-ASYM-b3059fbe-d1-n325-k20.txt;0;117520;51.2942
../instances/ORTEC-VRPTW-ASYM-b3059fbe-d1-n325-k20.txt;0;117373;57.2148
../instances/ORTEC-VRPTW-ASYM-b3059fbe-d1-n325-k20.txt;0;117355;58.5011
../instances/ORTEC-VRPTW-ASYM-b3059fbe-d1-n325-k20.txt;0;117326;62.4268
../instances/ORTEC-VRPTW-ASYM-b3059fbe-d1-n325-k20.txt;0;117317;63.148
../instances/ORTEC-VRPTW-ASYM-b3059fbe-d1-n325-k20.txt;0;117304;69.002
../instances/ORTEC-VRPTW-ASYM-b3059fbe-d1-n325-k20.txt;0;117268;79.327
../instances/ORTEC-VRPTW-ASYM-b3059fbe-d1-n325-k20.txt;0;117267;79.7399
../instances/ORTEC-VRPTW-ASYM-b3059fbe-d1-n325-k20.txt;0;117259;84.9259
../instances/ORTEC-VRPTW-ASYM-b3059fbe-d1-n325-k20.txt;0;117236;86.3524
../instances/ORTEC-VRPTW-ASYM-b3059fbe-d1-n325-k20.txt;0;117235;87.2313
../instances/ORTEC-VRPTW-ASYM-b3059fbe-d1-n325-k20.txt;0;117071;87.3294
../instances/ORTEC-VRPTW-ASYM-b3059fbe-d1-n325-k20.txt;0;116973;88.7768
../instances/ORTEC-VRPTW-ASYM-b3059fbe-d1-n325-k20.txt;0;116972;88.8458
../instances/ORTEC-VRPTW-ASYM-b3059fbe-d1-n325-k20.txt;0;116967;89.0772
../instances/ORTEC-VRPTW-ASYM-b3059fbe-d1-n325-k20.txt;0;116851;90.276
../instances/ORTEC-VRPTW-ASYM-b3059fbe-d1-n325-k20.txt;0;116806;94.551
../instances/ORTEC-VRPTW-ASYM-b3059fbe-d1-n325-k20.txt;0;116803;111.097
../instances/ORTEC-VRPTW-ASYM-b3059fbe-d1-n325-k20.txt;0;116687;113.074
../instances/ORTEC-VRPTW-ASYM-b3059fbe-d1-n325-k20.txt;0;116684;114.782
../instances/ORTEC-VRPTW-ASYM-b3059fbe-d1-n325-k20.txt;0;116653;134.904
../instances/ORTEC-VRPTW-ASYM-b3059fbe-d1-n325-k20.txt;0;116648;154.36
../instances/ORTEC-VRPTW-ASYM-b3059fbe-d1-n325-k20.txt;0;116590;172.016
../instances/ORTEC-VRPTW-ASYM-b3059fbe-d1-n325-k20.txt;0;116589;185.255
../instances/ORTEC-VRPTW-ASYM-b3059fbe-d1-n325-k20.txt;0;116570;228.233
../instances/ORTEC-VRPTW-ASYM-b3059fbe-d1-n325-k20.txt;0;116530;232.459
../instances/ORTEC-VRPTW-ASYM-b3059fbe-d1-n325-k20.txt;0;116529;234.641
../instances/ORTEC-VRPTW-ASYM-b3059fbe-d1-n325-k20.txt;0;116519;312.541
