../instances/ORTEC-VRPTW-ASYM-ca5d17ad-d1-n246-k15.txt;0;178419;0.03748
../instances/ORTEC-VRPTW-ASYM-ca5d17ad-d1-n246-k15.txt;0;175028;0.069387
../instances/ORTEC-VRPTW-ASYM-ca5d17ad-d1-n246-k15.txt;0;171824;0.204907
../instances/ORTEC-VRPTW-ASYM-ca5d17ad-d1-n246-k15.txt;0;170798;1.04941
../instances/ORTEC-VRPTW-ASYM-ca5d17ad-d1-n246-k15.txt;0;170305;1.34006
../instances/ORTEC-VRPTW-ASYM-ca5d17ad-d1-n246-k15.txt;0;169338;1.3822
../instances/ORTEC-VRPTW-ASYM-ca5d17ad-d1-n246-k15.txt;0;168437;1.45083
../instances/ORTEC-VRPTW-ASYM-ca5d17ad-d1-n246-k15.txt;0;168208;1.76757
../instances/ORTEC-VRPTW-ASYM-ca5d17ad-d1-n246-k15.txt;0;166927;1.79046
../instances/ORTEC-VRPTW-ASYM-ca5d17ad-d1-n246-k15.txt;0;166192;2.22656
../instances/ORTEC-VRPTW-ASYM-ca5d17ad-d1-n246-k15.txt;0;165658;2.24969
../instances/ORTEC-VRPTW-ASYM-ca5d17ad-d1-n246-k15.txt;0;165616;2.43522
../instances/ORTEC-VRPTW-ASYM-ca5d17ad-d1-n246-k15.txt;0;164723;2.44995
../instances/ORTEC-VRPTW-ASYM-ca5d17ad-d1-n246-k15.txt;0;164669;2.75288
../instances/ORTEC-VRPTW-ASYM-ca5d17ad-d1-n246-k15.txt;0;164425;3.93326
../instances/ORTEC-VRPTW-ASYM-ca5d17ad-d1-n246-k15.txt;0;164007;3.94027
../instances/ORTEC-VRPTW-ASYM-ca5d17ad-d1-n246-k15.txt;0;162274;4.18236
../instances/ORTEC-VRPTW-ASYM-ca5d17ad-d1-n246-k15.txt;0;162213;5.41138
../instances/ORTEC-VRPTW-ASYM-ca5d17ad-d1-n246-k15.txt;0;161633;5.57669
../instances/ORTEC-VRPTW-ASYM-ca5d17ad-d1-n246-k15.txt;0;161110;5.83174
../instances/ORTEC-VRPTW-ASYM-ca5d17ad-d1-n246-k15.txt;0;160455;6.15917
../instances/ORTEC-VRPTW-ASYM-ca5d17ad-d1-n246-k15.txt;0;160418;6.54497
../instances/ORTEC-VRPTW-ASYM-ca5d17ad-d1-n246-k15.txt;0;160261;7.43417
../instances/ORTEC-VRPTW-ASYM-ca5d17ad-d1-n246-k15.txt;0;160196;8.13435
../instances/ORTEC-VRPTW-ASYM-ca5d17ad-d1-n246-k15.txt;0;159987;8.25806
../instances/ORTEC-VRPTW-ASYM-ca5d17ad-d1-n246-k15.txt;0;159915;9.25972
../instances/ORTEC-VRPTW-ASYM-ca5d17ad-d1-n246-k15.txt;0;159889;9.31696
../instances/ORTEC-VRPTW-ASYM-ca5d17ad-d1-n246-k15.txt;0;159886;9.71061
../instances/ORTEC-VRPTW-ASYM-ca5d17ad-d1-n246-k15.txt;0;159782;9.92388
../instances/ORTEC-VRPTW-ASYM-ca5d17ad-d1-n246-k15.txt;0;159780;10.7011
../instances/ORTEC-VRPTW-ASYM-ca5d17ad-d1-n246-k15.txt;0;159597;12.003
../instances/ORTEC-VRPTW-ASYM-ca5d17ad-d1-n246-k15.txt;0;159473;12.7135
../instances/ORTEC-VRPTW-ASYM-ca5d17ad-d1-n246-k15.txt;0;159434;12.8916
../instances/ORTEC-VRPTW-ASYM-ca5d17ad-d1-n246-k15.txt;0;159385;13.5038
../instances/ORTEC-VRPTW-ASYM-ca5d17ad-d1-n246-k15.txt;0;159340;13.5493
../instances/ORTEC-VRPTW-ASYM-ca5d17ad-d1-n246-k15.txt;0;159324;25.3109
../instances/ORTEC-VRPTW-ASYM-ca5d17ad-d1-n246-k15.txt;0;159319;40.9049
../instances/ORTEC-VRPTW-ASYM-ca5d17ad-d1-n246-k15.txt;0;159303;41.4624
