../instances/ORTEC-VRPTW-ASYM-e92a0b44-d1-n501-k33.txt;0;264052;0.123402
../instances/ORTEC-VRPTW-ASYM-e92a0b44-d1-n501-k33.txt;0;256852;0.190898
../instances/ORTEC-VRPTW-ASYM-e92a0b44-d1-n501-k33.txt;0;255736;3.48149
../instances/ORTEC-VRPTW-ASYM-e92a0b44-d1-n501-k33.txt;0;252793;3.69913
../instances/ORTEC-VRPTW-ASYM-e92a0b44-d1-n501-k33.txt;0;249505;3.96511
../instances/ORTEC-VRPTW-ASYM-e92a0b44-d1-n501-k33.txt;0;248911;4.55626
../instances/ORTEC-VRPTW-ASYM-e92a0b44-d1-n501-k33.txt;0;248520;5.67632
../instances/ORTEC-VRPTW-ASYM-e92a0b44-d1-n501-k33.txt;0;246297;5.86147
../instances/ORTEC-VRPTW-ASYM-e92a0b44-d1-n501-k33.txt;0;245434;6.06158
../instances/ORTEC-VRPTW-ASYM-e92a0b44-d1-n501-k33.txt;0;244449;6.47792
../instances/ORTEC-VRPTW-ASYM-e92a0b44-d1-n501-k33.txt;0;243773;6.76697
../instances/ORTEC-VRPTW-ASYM-e92a0b44-d1-n501-k33.txt;0;242812;7.55848
../instances/ORTEC-VRPTW-ASYM-e92a0b44-d1-n501-k33.txt;0;241626;7.83808
../instances/ORTEC-VRPTW-ASYM-e92a0b44-d1-n501-k33.txt;0;240960;8.58321
../instances/ORTEC-VRPTW-ASYM-e92a0b44-d1-n501-k33.txt;0;240535;9.68621
../instances/ORTEC-VRPTW-ASYM-e92a0b44-d1-n501-k33.txt;0;239812;11.8462
../instances/ORTEC-VRPTW-ASYM-e92a0b44-d1-n501-k33.txt;0;238540;12.7808
../instances/ORTEC-VRPTW-ASYM-e92a0b44-d1-n501-k33.txt;0;238303;12.9015
../instances/ORTEC-VRPTW-ASYM-e92a0b44-d1-n501-k33.txt;0;237058;13.4247
../instances/ORTEC-VRPTW-ASYM-e92a0b44-d1-n501-k33.txt;0;236607;14.0544
../instances/ORTEC-VRPTW-ASYM-e92a0b44-d1-n501-k33.txt;0;235410;17.5206
../instances/ORTEC-VRPTW-ASYM-e92a0b44-d1-n501-k33.txt;0;234562;19.9242
../instances/ORTEC-VRPTW-ASYM-e92a0b44-d1-n501-k33.txt;0;234277;20.6759
../instances/ORTEC-VRPTW-ASYM-e92a0b44-d1-n501-k33.txt;0;232743;20.8995
../instances/ORTEC-VRPTW-ASYM-e92a0b44-d1-n501-k33.txt;0;232437;25.1541
../instances/ORTEC-VRPTW-ASYM-e92a0b44-d1-n501-k33.txt;0;232301;25.5588
../instances/ORTEC-VRPTW-ASYM-e92a0b44-d1-n501-k33.txt;0;231771;25.7509
../instances/ORTEC-VRPTW-ASYM-e92a0b44-d1-n501-k33.txt;0;231508;29.4563
../instances/ORTEC-VRPTW-ASYM-e92a0b44-d1-n501-k33.txt;0;231183;29.809
../instances/ORTEC-VRPTW-ASYM-e92a0b44-d1-n501-k33.txt;0;230940;29.9013
../instances/ORTEC-VRPTW-ASYM-e92a0b44-d1-n501-k33.txt;0;230750;31.3642
../instances/ORTEC-VRPTW-ASYM-e92a0b44-d1-n501-k33.txt;0;230115;31.9619
../instances/ORTEC-VRPTW-ASYM-e92a0b44-d1-n501-k33.txt;0;230083;35.8267
../instances/ORTEC-VRPTW-ASYM-e92a0b44-d1-n501-k33.txt;0;229896;36.1188
../instances/ORTEC-VRPTW-ASYM-e92a0b44-d1-n501-k33.txt;0;229884;36.9801
../instances/ORTEC-VRPTW-ASYM-e92a0b44-d1-n501-k33.txt;0;229876;37.6138
../instances/ORTEC-VRPTW-ASYM-e92a0b44-d1-n501-k33.txt;0;229609;37.9889
../instances/ORTEC-VRPTW-ASYM-e92a0b44-d1-n501-k33.txt;0;229579;39.4729
../instances/ORTEC-VRPTW-ASYM-e92a0b44-d1-n501-k33.txt;0;229457;40.9108
../instances/ORTEC-VRPTW-ASYM-e92a0b44-d1-n501-k33.txt;0;229150;41.4199
../instances/ORTEC-VRPTW-ASYM-e92a0b44-d1-n501-k33.txt;0;229035;41.4825
../instances/ORTEC-VRPTW-ASYM-e92a0b44-d1-n501-k33.txt;0;229006;47.4012
../instances/ORTEC-VRPTW-ASYM-e92a0b44-d1-n501-k33.txt;0;228837;47.5183
../instances/ORTEC-VRPTW-ASYM-e92a0b44-d1-n501-k33.txt;0;228819;49.8735
../instances/ORTEC-VRPTW-ASYM-e92a0b44-d1-n501-k33.txt;0;228790;51.0225
../instances/ORTEC-VRPTW-ASYM-e92a0b44-d1-n501-k33.txt;0;228692;52.2256
../instances/ORTEC-VRPTW-ASYM-e92a0b44-d1-n501-k33.txt;0;228605;54.7213
../instances/ORTEC-VRPTW-ASYM-e92a0b44-d1-n501-k33.txt;0;228587;59.344
../instances/ORTEC-VRPTW-ASYM-e92a0b44-d1-n501-k33.txt;0;228529;62.0473
../instances/ORTEC-VRPTW-ASYM-e92a0b44-d1-n501-k33.txt;0;228490;63.3589
../instances/ORTEC-VRPTW-ASYM-e92a0b44-d1-n501-k33.txt;0;228338;64.8476
../instances/ORTEC-VRPTW-ASYM-e92a0b44-d1-n501-k33.txt;0;228312;72.546
../instances/ORTEC-VRPTW-ASYM-e92a0b44-d1-n501-k33.txt;0;228256;79.4958
../instances/ORTEC-VRPTW-ASYM-e92a0b44-d1-n501-k33.txt;0;228219;82.2561
../instances/ORTEC-VRPTW-ASYM-e92a0b44-d1-n501-k33.txt;0;228176;89.2674
../instances/ORTEC-VRPTW-ASYM-e92a0b44-d1-n501-k33.txt;0;228084;89.5665
../instances/ORTEC-VRPTW-ASYM-e92a0b44-d1-n501-k33.txt;0;228079;92.3411
../instances/ORTEC-VRPTW-ASYM-e92a0b44-d1-n501-k33.txt;0;228031;97.5717
../instances/ORTEC-VRPTW-ASYM-e92a0b44-d1-n501-k33.txt;0;227969;103.331
../instances/ORTEC-VRPTW-ASYM-e92a0b44-d1-n501-k33.txt;0;227963;120.257
../instances/ORTEC-VRPTW-ASYM-e92a0b44-d1-n501-k33.txt;0;227939;127.224
../instances/ORTEC-VRPTW-ASYM-e92a0b44-d1-n501-k33.txt;0;227782;136.204
../instances/ORTEC-VRPTW-ASYM-e92a0b44-d1-n501-k33.txt;0;227694;137.211
../instances/ORTEC-VRPTW-ASYM-e92a0b44-d1-n501-k33.txt;0;227690;140.132
../instances/ORTEC-VRPTW-ASYM-e92a0b44-d1-n501-k33.txt;0;227654;141.33
../instances/ORTEC-VRPTW-ASYM-e92a0b44-d1-n501-k33.txt;0;227601;151.572
../instances/ORTEC-VRPTW-ASYM-e92a0b44-d1-n501-k33.txt;0;227487;158.716
../instances/ORTEC-VRPTW-ASYM-e92a0b44-d1-n501-k33.txt;0;227461;159.21
../instances/ORTEC-VRPTW-ASYM-e92a0b44-d1-n501-k33.txt;0;227439;162.65
../instances/ORTEC-VRPTW-ASYM-e92a0b44-d1-n501-k33.txt;0;227431;168.21
../instances/ORTEC-VRPTW-ASYM-e92a0b44-d1-n501-k33.txt;0;227415;174.112
../instances/ORTEC-VRPTW-ASYM-e92a0b44-d1-n501-k33.txt;0;227409;175.722
../instances/ORTEC-VRPTW-ASYM-e92a0b44-d1-n501-k33.txt;0;227407;183.761
../instances/ORTEC-VRPTW-ASYM-e92a0b44-d1-n501-k33.txt;0;227406;201.297
../instances/ORTEC-VRPTW-ASYM-e92a0b44-d1-n501-k33.txt;0;227401;201.789
../instances/ORTEC-VRPTW-ASYM-e92a0b44-d1-n501-k33.txt;0;227400;287.199
../instances/ORTEC-VRPTW-ASYM-e92a0b44-d1-n501-k33.txt;0;227377;473.575
../instances/ORTEC-VRPTW-ASYM-e92a0b44-d1-n501-k33.txt;0;227311;476.771
../instances/ORTEC-VRPTW-ASYM-e92a0b44-d1-n501-k33.txt;0;227285;476.96
../instances/ORTEC-VRPTW-ASYM-e92a0b44-d1-n501-k33.txt;0;227283;477.915
../instances/ORTEC-VRPTW-ASYM-e92a0b44-d1-n501-k33.txt;0;227282;482.061
../instances/ORTEC-VRPTW-ASYM-e92a0b44-d1-n501-k33.txt;0;227278;482.123
../instances/ORTEC-VRPTW-ASYM-e92a0b44-d1-n501-k33.txt;0;227275;484.241
../instances/ORTEC-VRPTW-ASYM-e92a0b44-d1-n501-k33.txt;0;227252;486.521
../instances/ORTEC-VRPTW-ASYM-e92a0b44-d1-n501-k33.txt;0;227195;496.532
../instances/ORTEC-VRPTW-ASYM-e92a0b44-d1-n501-k33.txt;0;227194;499.679
