../instances/ORTEC-VRPTW-ASYM-ed97d7dc-d1-n416-k23.txt;0;258656;0.142226
../instances/ORTEC-VRPTW-ASYM-ed97d7dc-d1-n416-k23.txt;0;256625;2.25945
../instances/ORTEC-VRPTW-ASYM-ed97d7dc-d1-n416-k23.txt;0;253943;2.56898
../instances/ORTEC-VRPTW-ASYM-ed97d7dc-d1-n416-k23.txt;0;250885;2.67273
../instances/ORTEC-VRPTW-ASYM-ed97d7dc-d1-n416-k23.txt;0;246494;2.70471
../instances/ORTEC-VRPTW-ASYM-ed97d7dc-d1-n416-k23.txt;0;245984;3.22134
../instances/ORTEC-VRPTW-ASYM-ed97d7dc-d1-n416-k23.txt;0;245094;3.35217
../instances/ORTEC-VRPTW-ASYM-ed97d7dc-d1-n416-k23.txt;0;243931;3.74907
../instances/ORTEC-VRPTW-ASYM-ed97d7dc-d1-n416-k23.txt;0;242045;4.22719
../instances/ORTEC-VRPTW-ASYM-ed97d7dc-d1-n416-k23.txt;0;241936;4.33499
../instances/ORTEC-VRPTW-ASYM-ed97d7dc-d1-n416-k23.txt;0;241679;4.72712
../instances/ORTEC-VRPTW-ASYM-ed97d7dc-d1-n416-k23.txt;0;241348;4.89305
../instances/ORTEC-VRPTW-ASYM-ed97d7dc-d1-n416-k23.txt;0;240950;4.96527
../instances/ORTEC-VRPTW-ASYM-ed97d7dc-d1-n416-k23.txt;0;240209;5.20214
../instances/ORTEC-VRPTW-ASYM-ed97d7dc-d1-n416-k23.txt;0;239082;5.27345
../instances/ORTEC-VRPTW-ASYM-ed97d7dc-d1-n416-k23.txt;0;238960;6.3551
../instances/ORTEC-VRPTW-ASYM-ed97d7dc-d1-n416-k23.txt;0;238642;6.3907
../instances/ORTEC-VRPTW-ASYM-ed97d7dc-d1-n416-k23.txt;0;238247;6.76044
../instances/ORTEC-VRPTW-ASYM-ed97d7dc-d1-n416-k23.txt;0;237725;6.82454
../instances/ORTEC-VRPTW-ASYM-ed97d7dc-d1-n416-k23.txt;0;237457;7.4242
../instances/ORTEC-VRPTW-ASYM-ed97d7dc-d1-n416-k23.txt;0;237386;7.5874
../instances/ORTEC-VRPTW-ASYM-ed97d7dc-d1-n416-k23.txt;0;237180;7.99073
../instances/ORTEC-VRPTW-ASYM-ed97d7dc-d1-n416-k23.txt;0;237007;9.23525
../instances/ORTEC-VRPTW-ASYM-ed97d7dc-d1-n416-k23.txt;0;236633;9.57822
../instances/ORTEC-VRPTW-ASYM-ed97d7dc-d1-n416-k23.txt;0;236259;9.8908
../instances/ORTEC-VRPTW-ASYM-ed97d7dc-d1-n416-k23.txt;0;235367;9.98795
../instances/ORTEC-VRPTW-ASYM-ed97d7dc-d1-n416-k23.txt;0;234714;10.4385
../instances/ORTEC-VRPTW-ASYM-ed97d7dc-d1-n416-k23.txt;0;233999;10.9945
../instances/ORTEC-VRPTW-ASYM-ed97d7dc-d1-n416-k23.txt;0;233640;12.192
../instances/ORTEC-VRPTW-ASYM-ed97d7dc-d1-n416-k23.txt;0;233356;12.2292
../instances/ORTEC-VRPTW-ASYM-ed97d7dc-d1-n416-k23.txt;0;232710;13.2864
../instances/ORTEC-VRPTW-ASYM-ed97d7dc-d1-n416-k23.txt;0;232492;13.4176
../instances/ORTEC-VRPTW-ASYM-ed97d7dc-d1-n416-k23.txt;0;232186;14.41
../instances/ORTEC-VRPTW-ASYM-ed97d7dc-d1-n416-k23.txt;0;232092;16.7713
../instances/ORTEC-VRPTW-ASYM-ed97d7dc-d1-n416-k23.txt;0;230757;16.8427
../instances/ORTEC-VRPTW-ASYM-ed97d7dc-d1-n416-k23.txt;0;230707;19.1776
../instances/ORTEC-VRPTW-ASYM-ed97d7dc-d1-n416-k23.txt;0;230647;21.1538
../instances/ORTEC-VRPTW-ASYM-ed97d7dc-d1-n416-k23.txt;0;230406;21.3113
../instances/ORTEC-VRPTW-ASYM-ed97d7dc-d1-n416-k23.txt;0;230391;21.4067
../instances/ORTEC-VRPTW-ASYM-ed97d7dc-d1-n416-k23.txt;0;230219;22.4839
../instances/ORTEC-VRPTW-ASYM-ed97d7dc-d1-n416-k23.txt;0;230062;22.7347
../instances/ORTEC-VRPTW-ASYM-ed97d7dc-d1-n416-k23.txt;0;229913;23.8872
../instances/ORTEC-VRPTW-ASYM-ed97d7dc-d1-n416-k23.txt;0;229638;25.6544
../instances/ORTEC-VRPTW-ASYM-ed97d7dc-d1-n416-k23.txt;0;229547;27.7984
../instances/ORTEC-VRPTW-ASYM-ed97d7dc-d1-n416-k23.txt;0;229536;29.7463
../instances/ORTEC-VRPTW-ASYM-ed97d7dc-d1-n416-k23.txt;0;229444;29.7546
../instances/ORTEC-VRPTW-ASYM-ed97d7dc-d1-n416-k23.txt;0;229334;31.2019
../instances/ORTEC-VRPTW-ASYM-ed97d7dc-d1-n416-k23.txt;0;229309;32.254
../instances/ORTEC-VRPTW-ASYM-ed97d7dc-d1-n416-k23.txt;0;229245;32.7527
../instances/ORTEC-VRPTW-ASYM-ed97d7dc-d1-n416-k23.txt;0;229202;36.1917
../instances/ORTEC-VRPTW-ASYM-ed97d7dc-d1-n416-k23.txt;0;229169;37.2606
../instances/ORTEC-VRPTW-ASYM-ed97d7dc-d1-n416-k23.txt;0;229021;38.515
../instances/ORTEC-VRPTW-ASYM-ed97d7dc-d1-n416-k23.txt;0;228758;42.2291
../instances/ORTEC-VRPTW-ASYM-ed97d7dc-d1-n416-k23.txt;0;228745;45.5621
../instances/ORTEC-VRPTW-ASYM-ed97d7dc-d1-n416-k23.txt;0;228597;47.0867
../instances/ORTEC-VRPTW-ASYM-ed97d7dc-d1-n416-k23.txt;0;228594;55.5485
