../instances/ORTEC-VRPTW-ASYM-3cc58e3a-d1-n345-k22.txt;0;188166;0.043865
../instances/ORTEC-VRPTW-ASYM-3cc58e3a-d1-n345-k22.txt;0;182590;0.110903
../instances/ORTEC-VRPTW-ASYM-3cc58e3a-d1-n345-k22.txt;0;178241;2.28073
../instances/ORTEC-VRPTW-ASYM-3cc58e3a-d1-n345-k22.txt;0;177095;2.28511
../instances/ORTEC-VRPTW-ASYM-3cc58e3a-d1-n345-k22.txt;0;175962;3.15313
../instances/ORTEC-VRPTW-ASYM-3cc58e3a-d1-n345-k22.txt;0;174424;3.44072
../instances/ORTEC-VRPTW-ASYM-3cc58e3a-d1-n345-k22.txt;0;173960;3.83041
../instances/ORTEC-VRPTW-ASYM-3cc58e3a-d1-n345-k22.txt;0;173820;4.22314
../instances/ORTEC-VRPTW-ASYM-3cc58e3a-d1-n345-k22.txt;0;173750;4.31929
../instances/ORTEC-VRPTW-ASYM-3cc58e3a-d1-n345-k22.txt;0;173203;4.96462
../instances/ORTEC-VRPTW-ASYM-3cc58e3a-d1-n345-k22.txt;0;172966;5.35522
../instances/ORTEC-VRPTW-ASYM-3cc58e3a-d1-n345-k22.txt;0;172783;5.78263
../instances/ORTEC-VRPTW-ASYM-3cc58e3a-d1-n345-k22.txt;0;172681;7.05875
../instances/ORTEC-VRPTW-ASYM-3cc58e3a-d1-n345-k22.txt;0;172399;7.29448
../instances/ORTEC-VRPTW-ASYM-3cc58e3a-d1-n345-k22.txt;0;171850;7.67698
../instances/ORTEC-VRPTW-ASYM-3cc58e3a-d1-n345-k22.txt;0;171825;8.02928
../instances/ORTEC-VRPTW-ASYM-3cc58e3a-d1-n345-k22.txt;0;171576;9.35929
../instances/ORTEC-VRPTW-ASYM-3cc58e3a-d1-n345-k22.txt;0;171467;9.96055
../instances/ORTEC-VRPTW-ASYM-3cc58e3a-d1-n345-k22.txt;0;171440;10.9975
../instances/ORTEC-VRPTW-ASYM-3cc58e3a-d1-n345-k22.txt;0;171214;11.7774
../instances/ORTEC-VRPTW-ASYM-3cc58e3a-d1-n345-k22.txt;0;171113;13.8422
../instances/ORTEC-VRPTW-ASYM-3cc58e3a-d1-n345-k22.txt;0;171034;15.4676
../instances/ORTEC-VRPTW-ASYM-3cc58e3a-d1-n345-k22.txt;0;170632;15.7756
../instances/ORTEC-VRPTW-ASYM-3cc58e3a-d1-n345-k22.txt;0;170624;16.3005
../instances/ORTEC-VRPTW-ASYM-3cc58e3a-d1-n345-k22.txt;0;170578;19.1995
../instances/ORTEC-VRPTW-ASYM-3cc58e3a-d1-n345-k22.txt;0;170554;21.9318
../instances/ORTEC-VRPTW-ASYM-3cc58e3a-d1-n345-k22.txt;0;170511;26.088
../instances/ORTEC-VRPTW-ASYM-3cc58e3a-d1-n345-k22.txt;0;170508;28.6184
../instances/ORTEC-VRPTW-ASYM-3cc58e3a-d1-n345-k22.txt;0;170069;29.0862
../instances/ORTEC-VRPTW-ASYM-3cc58e3a-d1-n345-k22.txt;0;170036;31.7493
../instances/ORTEC-VRPTW-ASYM-3cc58e3a-d1-n345-k22.txt;0;168840;33.6664
../instances/ORTEC-VRPTW-ASYM-3cc58e3a-d1-n345-k22.txt;0;168810;37.1518
../instances/ORTEC-VRPTW-ASYM-3cc58e3a-d1-n345-k22.txt;0;168695;37.9451
../instances/ORTEC-VRPTW-ASYM-3cc58e3a-d1-n345-k22.txt;0;168499;38.2807
../instances/ORTEC-VRPTW-ASYM-3cc58e3a-d1-n345-k22.txt;0;168497;38.8812
../instances/ORTEC-VRPTW-ASYM-3cc58e3a-d1-n345-k22.txt;0;168210;40.9153
../instances/ORTEC-VRPTW-ASYM-3cc58e3a-d1-n345-k22.txt;0;168208;43.9025
../instances/ORTEC-VRPTW-ASYM-3cc58e3a-d1-n345-k22.txt;0;168048;44.8075
../instances/ORTEC-VRPTW-ASYM-3cc58e3a-d1-n345-k22.txt;0;167645;46.4746
../instances/ORTEC-VRPTW-ASYM-3cc58e3a-d1-n345-k22.txt;0;167563;48.1607
../instances/ORTEC-VRPTW-ASYM-3cc58e3a-d1-n345-k22.txt;0;167554;50.5975
../instances/ORTEC-VRPTW-ASYM-3cc58e3a-d1-n345-k22.txt;0;167463;53.6349
../instances/ORTEC-VRPTW-ASYM-3cc58e3a-d1-n345-k22.txt;0;167373;55.6956
../instances/ORTEC-VRPTW-ASYM-3cc58e3a-d1-n345-k22.txt;0;167371;58.4971
../instances/ORTEC-VRPTW-ASYM-3cc58e3a-d1-n345-k22.txt;0;167370;65.8661
../instances/ORTEC-VRPTW-ASYM-3cc58e3a-d1-n345-k22.txt;0;167322;125.492
../instances/ORTEC-VRPTW-ASYM-3cc58e3a-d1-n345-k22.txt;0;167264;126.984
../instances/ORTEC-VRPTW-ASYM-3cc58e3a-d1-n345-k22.txt;0;167211;128.275
../instances/ORTEC-VRPTW-ASYM-3cc58e3a-d1-n345-k22.txt;0;167210;142.54
../instances/ORTEC-VRPTW-ASYM-3cc58e3a-d1-n345-k22.txt;0;167176;152.174
../instances/ORTEC-VRPTW-ASYM-3cc58e3a-d1-n345-k22.txt;0;167126;426.093
