../instances/ORTEC-VRPTW-ASYM-7fb5f610-d1-n532-k40.txt;0;311409;0.357359
../instances/ORTEC-VRPTW-ASYM-7fb5f610-d1-n532-k40.txt;0;297497;0.478658
../instances/ORTEC-VRPTW-ASYM-7fb5f610-d1-n532-k40.txt;0;293189;3.32572
../instances/ORTEC-VRPTW-ASYM-7fb5f610-d1-n532-k40.txt;0;291068;3.54408
../instances/ORTEC-VRPTW-ASYM-7fb5f610-d1-n532-k40.txt;0;290206;3.63252
../instances/ORTEC-VRPTW-ASYM-7fb5f610-d1-n532-k40.txt;0;290030;3.85217
../instances/ORTEC-VRPTW-ASYM-7fb5f610-d1-n532-k40.txt;0;289779;4.35105
../instances/ORTEC-VRPTW-ASYM-7fb5f610-d1-n532-k40.txt;0;288187;4.40986
../instances/ORTEC-VRPTW-ASYM-7fb5f610-d1-n532-k40.txt;0;282463;4.4779
../instances/ORTEC-VRPTW-ASYM-7fb5f610-d1-n532-k40.txt;0;281388;5.98368
../instances/ORTEC-VRPTW-ASYM-7fb5f610-d1-n532-k40.txt;0;281225;7.27602
../instances/ORTEC-VRPTW-ASYM-7fb5f610-d1-n532-k40.txt;0;280435;7.63424
../instances/ORTEC-VRPTW-ASYM-7fb5f610-d1-n532-k40.txt;0;280162;7.89601
../instances/ORTEC-VRPTW-ASYM-7fb5f610-d1-n532-k40.txt;0;277944;8.56811
../instances/ORTEC-VRPTW-ASYM-7fb5f610-d1-n532-k40.txt;0;277432;9.54707
../instances/ORTEC-VRPTW-ASYM-7fb5f610-d1-n532-k40.txt;0;276560;10.8631
../instances/ORTEC-VRPTW-ASYM-7fb5f610-d1-n532-k40.txt;0;275040;15.1495
../instances/ORTEC-VRPTW-ASYM-7fb5f610-d1-n532-k40.txt;0;274891;20.6229
../instances/ORTEC-VRPTW-ASYM-7fb5f610-d1-n532-k40.txt;0;274045;22.6206
../instances/ORTEC-VRPTW-ASYM-7fb5f610-d1-n532-k40.txt;0;273836;23.4691
../instances/ORTEC-VRPTW-ASYM-7fb5f610-d1-n532-k40.txt;0;273565;25.8028
../instances/ORTEC-VRPTW-ASYM-7fb5f610-d1-n532-k40.txt;0;273480;26.0736
../instances/ORTEC-VRPTW-ASYM-7fb5f610-d1-n532-k40.txt;0;273191;27.3712
../instances/ORTEC-VRPTW-ASYM-7fb5f610-d1-n532-k40.txt;0;273145;29.8688
../instances/ORTEC-VRPTW-ASYM-7fb5f610-d1-n532-k40.txt;0;272784;31.0809
../instances/ORTEC-VRPTW-ASYM-7fb5f610-d1-n532-k40.txt;0;272110;34.3942
../instances/ORTEC-VRPTW-ASYM-7fb5f610-d1-n532-k40.txt;0;271835;36.7157
../instances/ORTEC-VRPTW-ASYM-7fb5f610-d1-n532-k40.txt;0;271716;36.8845
../instances/ORTEC-VRPTW-ASYM-7fb5f610-d1-n532-k40.txt;0;270721;41.1881
../instances/ORTEC-VRPTW-ASYM-7fb5f610-d1-n532-k40.txt;0;270621;44.173
../instances/ORTEC-VRPTW-ASYM-7fb5f610-d1-n532-k40.txt;0;270496;46.0759
../instances/ORTEC-VRPTW-ASYM-7fb5f610-d1-n532-k40.txt;0;270237;47.0445
../instances/ORTEC-VRPTW-ASYM-7fb5f610-d1-n532-k40.txt;0;270199;48.5531
../instances/ORTEC-VRPTW-ASYM-7fb5f610-d1-n532-k40.txt;0;269979;49.9501
../instances/ORTEC-VRPTW-ASYM-7fb5f610-d1-n532-k40.txt;0;269062;50.3081
../instances/ORTEC-VRPTW-ASYM-7fb5f610-d1-n532-k40.txt;0;269003;52.906
../instances/ORTEC-VRPTW-ASYM-7fb5f610-d1-n532-k40.txt;0;268844;54.6111
../instances/ORTEC-VRPTW-ASYM-7fb5f610-d1-n532-k40.txt;0;268793;56.4943
../instances/ORTEC-VRPTW-ASYM-7fb5f610-d1-n532-k40.txt;0;268788;57.2861
../instances/ORTEC-VRPTW-ASYM-7fb5f610-d1-n532-k40.txt;0;268676;57.8989
../instances/ORTEC-VRPTW-ASYM-7fb5f610-d1-n532-k40.txt;0;268501;58.0639
../instances/ORTEC-VRPTW-ASYM-7fb5f610-d1-n532-k40.txt;0;268480;58.5531
../instances/ORTEC-VRPTW-ASYM-7fb5f610-d1-n532-k40.txt;0;268432;59.0732
../instances/ORTEC-VRPTW-ASYM-7fb5f610-d1-n532-k40.txt;0;267879;59.8449
../instances/ORTEC-VRPTW-ASYM-7fb5f610-d1-n532-k40.txt;0;267808;60.5345
../instances/ORTEC-VRPTW-ASYM-7fb5f610-d1-n532-k40.txt;0;267762;60.9438
../instances/ORTEC-VRPTW-ASYM-7fb5f610-d1-n532-k40.txt;0;267688;62.0894
../instances/ORTEC-VRPTW-ASYM-7fb5f610-d1-n532-k40.txt;0;267611;62.4212
../instances/ORTEC-VRPTW-ASYM-7fb5f610-d1-n532-k40.txt;0;267602;65.2501
../instances/ORTEC-VRPTW-ASYM-7fb5f610-d1-n532-k40.txt;0;267601;65.5693
../instances/ORTEC-VRPTW-ASYM-7fb5f610-d1-n532-k40.txt;0;267575;66.2321
../instances/ORTEC-VRPTW-ASYM-7fb5f610-d1-n532-k40.txt;0;267573;66.4992
../instances/ORTEC-VRPTW-ASYM-7fb5f610-d1-n532-k40.txt;0;267561;67.6351
../instances/ORTEC-VRPTW-ASYM-7fb5f610-d1-n532-k40.txt;0;267535;68.7115
../instances/ORTEC-VRPTW-ASYM-7fb5f610-d1-n532-k40.txt;0;267503;68.9974
../instances/ORTEC-VRPTW-ASYM-7fb5f610-d1-n532-k40.txt;0;267491;71.6315
../instances/ORTEC-VRPTW-ASYM-7fb5f610-d1-n532-k40.txt;0;267471;72.5214
../instances/ORTEC-VRPTW-ASYM-7fb5f610-d1-n532-k40.txt;0;267458;78.7052
../instances/ORTEC-VRPTW-ASYM-7fb5f610-d1-n532-k40.txt;0;267454;82.5484
../instances/ORTEC-VRPTW-ASYM-7fb5f610-d1-n532-k40.txt;0;267443;85.2348
../instances/ORTEC-VRPTW-ASYM-7fb5f610-d1-n532-k40.txt;0;267442;94.6448
../instances/ORTEC-VRPTW-ASYM-7fb5f610-d1-n532-k40.txt;0;267436;95.3593
../instances/ORTEC-VRPTW-ASYM-7fb5f610-d1-n532-k40.txt;0;267393;98.3129
../instances/ORTEC-VRPTW-ASYM-7fb5f610-d1-n532-k40.txt;0;267387;102.891
../instances/ORTEC-VRPTW-ASYM-7fb5f610-d1-n532-k40.txt;0;267310;104.633
../instances/ORTEC-VRPTW-ASYM-7fb5f610-d1-n532-k40.txt;0;267274;105.248
../instances/ORTEC-VRPTW-ASYM-7fb5f610-d1-n532-k40.txt;0;267240;109.628
../instances/ORTEC-VRPTW-ASYM-7fb5f610-d1-n532-k40.txt;0;267204;109.695
../instances/ORTEC-VRPTW-ASYM-7fb5f610-d1-n532-k40.txt;0;267195;111.025
../instances/ORTEC-VRPTW-ASYM-7fb5f610-d1-n532-k40.txt;0;267191;120.612
../instances/ORTEC-VRPTW-ASYM-7fb5f610-d1-n532-k40.txt;0;267187;124.453
../instances/ORTEC-VRPTW-ASYM-7fb5f610-d1-n532-k40.txt;0;267185;124.751
