../instances/ORTEC-VRPTW-ASYM-dd43a785-d1-n880-k50.txt;0;440555;0.378769
../instances/ORTEC-VRPTW-ASYM-dd43a785-d1-n880-k50.txt;0;427528;0.527744
../instances/ORTEC-VRPTW-ASYM-dd43a785-d1-n880-k50.txt;0;426319;8.60955
../instances/ORTEC-VRPTW-ASYM-dd43a785-d1-n880-k50.txt;0;425421;8.6292
../instances/ORTEC-VRPTW-ASYM-dd43a785-d1-n880-k50.txt;0;424085;9.81908
../instances/ORTEC-VRPTW-ASYM-dd43a785-d1-n880-k50.txt;0;423268;9.91057
../instances/ORTEC-VRPTW-ASYM-dd43a785-d1-n880-k50.txt;0;422014;10.7981
../instances/ORTEC-VRPTW-ASYM-dd43a785-d1-n880-k50.txt;0;418356;11.5877
../instances/ORTEC-VRPTW-ASYM-dd43a785-d1-n880-k50.txt;0;417018;12.1462
../instances/ORTEC-VRPTW-ASYM-dd43a785-d1-n880-k50.txt;0;413390;12.784
../instances/ORTEC-VRPTW-ASYM-dd43a785-d1-n880-k50.txt;0;412406;13.6943
../instances/ORTEC-VRPTW-ASYM-dd43a785-d1-n880-k50.txt;0;410469;14.8542
../instances/ORTEC-VRPTW-ASYM-dd43a785-d1-n880-k50.txt;0;409223;15.1047
../instances/ORTEC-VRPTW-ASYM-dd43a785-d1-n880-k50.txt;0;407375;19.6909
../instances/ORTEC-VRPTW-ASYM-dd43a785-d1-n880-k50.txt;0;404756;20.7803
../instances/ORTEC-VRPTW-ASYM-dd43a785-d1-n880-k50.txt;0;402842;21.949
../instances/ORTEC-VRPTW-ASYM-dd43a785-d1-n880-k50.txt;0;400831;23.4293
../instances/ORTEC-VRPTW-ASYM-dd43a785-d1-n880-k50.txt;0;400265;24.0035
../instances/ORTEC-VRPTW-ASYM-dd43a785-d1-n880-k50.txt;0;399275;24.4223
../instances/ORTEC-VRPTW-ASYM-dd43a785-d1-n880-k50.txt;0;397563;30.4243
../instances/ORTEC-VRPTW-ASYM-dd43a785-d1-n880-k50.txt;0;396828;37.6908
../instances/ORTEC-VRPTW-ASYM-dd43a785-d1-n880-k50.txt;0;396565;38.3563
../instances/ORTEC-VRPTW-ASYM-dd43a785-d1-n880-k50.txt;0;396054;40.3464
../instances/ORTEC-VRPTW-ASYM-dd43a785-d1-n880-k50.txt;0;395887;44.7123
../instances/ORTEC-VRPTW-ASYM-dd43a785-d1-n880-k50.txt;0;394802;46.9767
../instances/ORTEC-VRPTW-ASYM-dd43a785-d1-n880-k50.txt;0;394335;51.6887
../instances/ORTEC-VRPTW-ASYM-dd43a785-d1-n880-k50.txt;0;393563;57.6841
../instances/ORTEC-VRPTW-ASYM-dd43a785-d1-n880-k50.txt;0;393523;61.3614
../instances/ORTEC-VRPTW-ASYM-dd43a785-d1-n880-k50.txt;0;393333;70.6527
../instances/ORTEC-VRPTW-ASYM-dd43a785-d1-n880-k50.txt;0;393297;71.7192
../instances/ORTEC-VRPTW-ASYM-dd43a785-d1-n880-k50.txt;0;392789;77.3723
../instances/ORTEC-VRPTW-ASYM-dd43a785-d1-n880-k50.txt;0;392630;77.5049
../instances/ORTEC-VRPTW-ASYM-dd43a785-d1-n880-k50.txt;0;392515;77.6499
../instances/ORTEC-VRPTW-ASYM-dd43a785-d1-n880-k50.txt;0;392495;78.3508
../instances/ORTEC-VRPTW-ASYM-dd43a785-d1-n880-k50.txt;0;392390;79.8544
../instances/ORTEC-VRPTW-ASYM-dd43a785-d1-n880-k50.txt;0;391721;82.2891
../instances/ORTEC-VRPTW-ASYM-dd43a785-d1-n880-k50.txt;0;390722;85.9508
../instances/ORTEC-VRPTW-ASYM-dd43a785-d1-n880-k50.txt;0;390613;90.3502
../instances/ORTEC-VRPTW-ASYM-dd43a785-d1-n880-k50.txt;0;390109;92.5664
../instances/ORTEC-VRPTW-ASYM-dd43a785-d1-n880-k50.txt;0;389954;93.4391
../instances/ORTEC-VRPTW-ASYM-dd43a785-d1-n880-k50.txt;0;389905;105.502
../instances/ORTEC-VRPTW-ASYM-dd43a785-d1-n880-k50.txt;0;389764;109.023
../instances/ORTEC-VRPTW-ASYM-dd43a785-d1-n880-k50.txt;0;388889;109.365
../instances/ORTEC-VRPTW-ASYM-dd43a785-d1-n880-k50.txt;0;388682;110.03
../instances/ORTEC-VRPTW-ASYM-dd43a785-d1-n880-k50.txt;0;388545;110.268
../instances/ORTEC-VRPTW-ASYM-dd43a785-d1-n880-k50.txt;0;388221;111.086
../instances/ORTEC-VRPTW-ASYM-dd43a785-d1-n880-k50.txt;0;387858;111.278
../instances/ORTEC-VRPTW-ASYM-dd43a785-d1-n880-k50.txt;0;387153;111.397
../instances/ORTEC-VRPTW-ASYM-dd43a785-d1-n880-k50.txt;0;386591;119.838
../instances/ORTEC-VRPTW-ASYM-dd43a785-d1-n880-k50.txt;0;386547;130.981
../instances/ORTEC-VRPTW-ASYM-dd43a785-d1-n880-k50.txt;0;385428;135.983
../instances/ORTEC-VRPTW-ASYM-dd43a785-d1-n880-k50.txt;0;385307;141.573
../instances/ORTEC-VRPTW-ASYM-dd43a785-d1-n880-k50.txt;0;384903;141.933
../instances/ORTEC-VRPTW-ASYM-dd43a785-d1-n880-k50.txt;0;384241;147.127
../instances/ORTEC-VRPTW-ASYM-dd43a785-d1-n880-k50.txt;0;384168;157.346
../instances/ORTEC-VRPTW-ASYM-dd43a785-d1-n880-k50.txt;0;384093;159.904
../instances/ORTEC-VRPTW-ASYM-dd43a785-d1-n880-k50.txt;0;383874;161.956
../instances/ORTEC-VRPTW-ASYM-dd43a785-d1-n880-k50.txt;0;383805;164.925
../instances/ORTEC-VRPTW-ASYM-dd43a785-d1-n880-k50.txt;0;383393;165.636
../instances/ORTEC-VRPTW-ASYM-dd43a785-d1-n880-k50.txt;0;383391;165.947
../instances/ORTEC-VRPTW-ASYM-dd43a785-d1-n880-k50.txt;0;383281;169.056
../instances/ORTEC-VRPTW-ASYM-dd43a785-d1-n880-k50.txt;0;383099;170.479
../instances/ORTEC-VRPTW-ASYM-dd43a785-d1-n880-k50.txt;0;383014;173.732
../instances/ORTEC-VRPTW-ASYM-dd43a785-d1-n880-k50.txt;0;382958;175.439
../instances/ORTEC-VRPTW-ASYM-dd43a785-d1-n880-k50.txt;0;382805;175.933
../instances/ORTEC-VRPTW-ASYM-dd43a785-d1-n880-k50.txt;0;382599;176.238
../instances/ORTEC-VRPTW-ASYM-dd43a785-d1-n880-k50.txt;0;382597;178.866
../instances/ORTEC-VRPTW-ASYM-dd43a785-d1-n880-k50.txt;0;382434;187.785
../instances/ORTEC-VRPTW-ASYM-dd43a785-d1-n880-k50.txt;0;382398;191.219
../instances/ORTEC-VRPTW-ASYM-dd43a785-d1-n880-k50.txt;0;381704;203.433
../instances/ORTEC-VRPTW-ASYM-dd43a785-d1-n880-k50.txt;0;381616;205.337
../instances/ORTEC-VRPTW-ASYM-dd43a785-d1-n880-k50.txt;0;381604;207.318
../instances/ORTEC-VRPTW-ASYM-dd43a785-d1-n880-k50.txt;0;381481;212.229
../instances/ORTEC-VRPTW-ASYM-dd43a785-d1-n880-k50.txt;0;381450;213.131
../instances/ORTEC-VRPTW-ASYM-dd43a785-d1-n880-k50.txt;0;381386;214.817
../instances/ORTEC-VRPTW-ASYM-dd43a785-d1-n880-k50.txt;0;381156;215.926
../instances/ORTEC-VRPTW-ASYM-dd43a785-d1-n880-k50.txt;0;381113;217.07
../instances/ORTEC-VRPTW-ASYM-dd43a785-d1-n880-k50.txt;0;380815;221.648
../instances/ORTEC-VRPTW-ASYM-dd43a785-d1-n880-k50.txt;0;380782;224.483
../instances/ORTEC-VRPTW-ASYM-dd43a785-d1-n880-k50.txt;0;380676;229.391
../instances/ORTEC-VRPTW-ASYM-dd43a785-d1-n880-k50.txt;0;380440;229.647
../instances/ORTEC-VRPTW-ASYM-dd43a785-d1-n880-k50.txt;0;380402;237.631
../instances/ORTEC-VRPTW-ASYM-dd43a785-d1-n880-k50.txt;0;380025;238.039
../instances/ORTEC-VRPTW-ASYM-dd43a785-d1-n880-k50.txt;0;379938;257.333
../instances/ORTEC-VRPTW-ASYM-dd43a785-d1-n880-k50.txt;0;379929;258.837
../instances/ORTEC-VRPTW-ASYM-dd43a785-d1-n880-k50.txt;0;379797;258.986
../instances/ORTEC-VRPTW-ASYM-dd43a785-d1-n880-k50.txt;0;379568;260.897
../instances/ORTEC-VRPTW-ASYM-dd43a785-d1-n880-k50.txt;0;379560;267.311
../instances/ORTEC-VRPTW-ASYM-dd43a785-d1-n880-k50.txt;0;379439;268.143
../instances/ORTEC-VRPTW-ASYM-dd43a785-d1-n880-k50.txt;0;379327;269.499
../instances/ORTEC-VRPTW-ASYM-dd43a785-d1-n880-k50.txt;0;379269;279.872
../instances/ORTEC-VRPTW-ASYM-dd43a785-d1-n880-k50.txt;0;379267;280.159
../instances/ORTEC-VRPTW-ASYM-dd43a785-d1-n880-k50.txt;0;379245;280.884
../instances/ORTEC-VRPTW-ASYM-dd43a785-d1-n880-k50.txt;0;379221;280.925
../instances/ORTEC-VRPTW-ASYM-dd43a785-d1-n880-k50.txt;0;379087;281.532
../instances/ORTEC-VRPTW-ASYM-dd43a785-d1-n880-k50.txt;0;379078;284.068
../instances/ORTEC-VRPTW-ASYM-dd43a785-d1-n880-k50.txt;0;379071;284.209
../instances/ORTEC-VRPTW-ASYM-dd43a785-d1-n880-k50.txt;0;379066;285.153
../instances/ORTEC-VRPTW-ASYM-dd43a785-d1-n880-k50.txt;0;378992;289.054
../instances/ORTEC-VRPTW-ASYM-dd43a785-d1-n880-k50.txt;0;378902;289.257
../instances/ORTEC-VRPTW-ASYM-dd43a785-d1-n880-k50.txt;0;378895;291.362
../instances/ORTEC-VRPTW-ASYM-dd43a785-d1-n880-k50.txt;0;378878;295.4
../instances/ORTEC-VRPTW-ASYM-dd43a785-d1-n880-k50.txt;0;378852;298.954
../instances/ORTEC-VRPTW-ASYM-dd43a785-d1-n880-k50.txt;0;378833;304.112
../instances/ORTEC-VRPTW-ASYM-dd43a785-d1-n880-k50.txt;0;378798;304.342
../instances/ORTEC-VRPTW-ASYM-dd43a785-d1-n880-k50.txt;0;378767;304.482
../instances/ORTEC-VRPTW-ASYM-dd43a785-d1-n880-k50.txt;0;378760;308.773
../instances/ORTEC-VRPTW-ASYM-dd43a785-d1-n880-k50.txt;0;378729;328.228
../instances/ORTEC-VRPTW-ASYM-dd43a785-d1-n880-k50.txt;0;378720;329.202
../instances/ORTEC-VRPTW-ASYM-dd43a785-d1-n880-k50.txt;0;378717;348.044
../instances/ORTEC-VRPTW-ASYM-dd43a785-d1-n880-k50.txt;0;378701;356.543
../instances/ORTEC-VRPTW-ASYM-dd43a785-d1-n880-k50.txt;0;378689;357.652
../instances/ORTEC-VRPTW-ASYM-dd43a785-d1-n880-k50.txt;0;378655;361.852
../instances/ORTEC-VRPTW-ASYM-dd43a785-d1-n880-k50.txt;0;378645;365.915
../instances/ORTEC-VRPTW-ASYM-dd43a785-d1-n880-k50.txt;0;378640;370.026
../instances/ORTEC-VRPTW-ASYM-dd43a785-d1-n880-k50.txt;0;378624;377.706
../instances/ORTEC-VRPTW-ASYM-dd43a785-d1-n880-k50.txt;0;378555;378.376
../instances/ORTEC-VRPTW-ASYM-dd43a785-d1-n880-k50.txt;0;378548;380.881
../instances/ORTEC-VRPTW-ASYM-dd43a785-d1-n880-k50.txt;0;378547;381.976
../instances/ORTEC-VRPTW-ASYM-dd43a785-d1-n880-k50.txt;0;378531;382.415
../instances/ORTEC-VRPTW-ASYM-dd43a785-d1-n880-k50.txt;0;378524;384.445
../instances/ORTEC-VRPTW-ASYM-dd43a785-d1-n880-k50.txt;0;378509;387.258
../instances/ORTEC-VRPTW-ASYM-dd43a785-d1-n880-k50.txt;0;378494;388.775
../instances/ORTEC-VRPTW-ASYM-dd43a785-d1-n880-k50.txt;0;378493;404.601
../instances/ORTEC-VRPTW-ASYM-dd43a785-d1-n880-k50.txt;0;378486;404.626
../instances/ORTEC-VRPTW-ASYM-dd43a785-d1-n880-k50.txt;0;378471;404.714
../instances/ORTEC-VRPTW-ASYM-dd43a785-d1-n880-k50.txt;0;378400;409.221
../instances/ORTEC-VRPTW-ASYM-dd43a785-d1-n880-k50.txt;0;378385;410.627
../instances/ORTEC-VRPTW-ASYM-dd43a785-d1-n880-k50.txt;0;378361;435.127
