../instances/ORTEC-VRPTW-ASYM-4fe9435f-d1-n418-k28.txt;0;240034;0.089034
../instances/ORTEC-VRPTW-ASYM-4fe9435f-d1-n418-k28.txt;0;237382;2.63681
../instances/ORTEC-VRPTW-ASYM-4fe9435f-d1-n418-k28.txt;0;236992;2.93829
../instances/ORTEC-VRPTW-ASYM-4fe9435f-d1-n418-k28.txt;0;236722;3.03808
../instances/ORTEC-VRPTW-ASYM-4fe9435f-d1-n418-k28.txt;0;233157;3.35507
../instances/ORTEC-VRPTW-ASYM-4fe9435f-d1-n418-k28.txt;0;232037;3.76519
../instances/ORTEC-VRPTW-ASYM-4fe9435f-d1-n418-k28.txt;0;231816;4.04999
../instances/ORTEC-VRPTW-ASYM-4fe9435f-d1-n418-k28.txt;0;230023;4.75409
../instances/ORTEC-VRPTW-ASYM-4fe9435f-d1-n418-k28.txt;0;229759;5.30267
../instances/ORTEC-VRPTW-ASYM-4fe9435f-d1-n418-k28.txt;0;229619;5.60646
../instances/ORTEC-VRPTW-ASYM-4fe9435f-d1-n418-k28.txt;0;229083;5.66981
../instances/ORTEC-VRPTW-ASYM-4fe9435f-d1-n418-k28.txt;0;228631;5.90603
../instances/ORTEC-VRPTW-ASYM-4fe9435f-d1-n418-k28.txt;0;227219;6.40936
../instances/ORTEC-VRPTW-ASYM-4fe9435f-d1-n418-k28.txt;0;226574;6.96407
../instances/ORTEC-VRPTW-ASYM-4fe9435f-d1-n418-k28.txt;0;226573;7.37198
../instances/ORTEC-VRPTW-ASYM-4fe9435f-d1-n418-k28.txt;0;226335;8.08077
../instances/ORTEC-VRPTW-ASYM-4fe9435f-d1-n418-k28.txt;0;226168;8.50178
../instances/ORTEC-VRPTW-ASYM-4fe9435f-d1-n418-k28.txt;0;226151;9.51254
../instances/ORTEC-VRPTW-ASYM-4fe9435f-d1-n418-k28.txt;0;225577;9.56066
../instances/ORTEC-VRPTW-ASYM-4fe9435f-d1-n418-k28.txt;0;224607;11.4685
../instances/ORTEC-VRPTW-ASYM-4fe9435f-d1-n418-k28.txt;0;224591;12.141
../instances/ORTEC-VRPTW-ASYM-4fe9435f-d1-n418-k28.txt;0;223930;14.5867
../instances/ORTEC-VRPTW-ASYM-4fe9435f-d1-n418-k28.txt;0;223871;18.8126
../instances/ORTEC-VRPTW-ASYM-4fe9435f-d1-n418-k28.txt;0;223759;19.5196
../instances/ORTEC-VRPTW-ASYM-4fe9435f-d1-n418-k28.txt;0;223371;20.3787
../instances/ORTEC-VRPTW-ASYM-4fe9435f-d1-n418-k28.txt;0;220521;21.3506
../instances/ORTEC-VRPTW-ASYM-4fe9435f-d1-n418-k28.txt;0;220412;34.5888
../instances/ORTEC-VRPTW-ASYM-4fe9435f-d1-n418-k28.txt;0;220110;35.6422
../instances/ORTEC-VRPTW-ASYM-4fe9435f-d1-n418-k28.txt;0;219180;39.7139
../instances/ORTEC-VRPTW-ASYM-4fe9435f-d1-n418-k28.txt;0;218914;42.383
../instances/ORTEC-VRPTW-ASYM-4fe9435f-d1-n418-k28.txt;0;218817;46.4022
../instances/ORTEC-VRPTW-ASYM-4fe9435f-d1-n418-k28.txt;0;218680;47.1243
../instances/ORTEC-VRPTW-ASYM-4fe9435f-d1-n418-k28.txt;0;218387;47.9885
../instances/ORTEC-VRPTW-ASYM-4fe9435f-d1-n418-k28.txt;0;218357;48.7919
../instances/ORTEC-VRPTW-ASYM-4fe9435f-d1-n418-k28.txt;0;218335;52.1337
../instances/ORTEC-VRPTW-ASYM-4fe9435f-d1-n418-k28.txt;0;217910;53.049
../instances/ORTEC-VRPTW-ASYM-4fe9435f-d1-n418-k28.txt;0;217835;55.5281
../instances/ORTEC-VRPTW-ASYM-4fe9435f-d1-n418-k28.txt;0;217649;55.8116
../instances/ORTEC-VRPTW-ASYM-4fe9435f-d1-n418-k28.txt;0;217562;56.6258
../instances/ORTEC-VRPTW-ASYM-4fe9435f-d1-n418-k28.txt;0;217313;57.555
../instances/ORTEC-VRPTW-ASYM-4fe9435f-d1-n418-k28.txt;0;217300;58.1523
../instances/ORTEC-VRPTW-ASYM-4fe9435f-d1-n418-k28.txt;0;217234;59.4932
../instances/ORTEC-VRPTW-ASYM-4fe9435f-d1-n418-k28.txt;0;217163;59.5429
../instances/ORTEC-VRPTW-ASYM-4fe9435f-d1-n418-k28.txt;0;217098;62.9483
../instances/ORTEC-VRPTW-ASYM-4fe9435f-d1-n418-k28.txt;0;216900;63.4072
../instances/ORTEC-VRPTW-ASYM-4fe9435f-d1-n418-k28.txt;0;216715;65.3019
../instances/ORTEC-VRPTW-ASYM-4fe9435f-d1-n418-k28.txt;0;216681;65.6233
../instances/ORTEC-VRPTW-ASYM-4fe9435f-d1-n418-k28.txt;0;216663;70.1457
../instances/ORTEC-VRPTW-ASYM-4fe9435f-d1-n418-k28.txt;0;216651;71.4971
../instances/ORTEC-VRPTW-ASYM-4fe9435f-d1-n418-k28.txt;0;216379;74.4321
../instances/ORTEC-VRPTW-ASYM-4fe9435f-d1-n418-k28.txt;0;216281;75.3559
../instances/ORTEC-VRPTW-ASYM-4fe9435f-d1-n418-k28.txt;0;216262;77.7266
../instances/ORTEC-VRPTW-ASYM-4fe9435f-d1-n418-k28.txt;0;216206;79.7568
../instances/ORTEC-VRPTW-ASYM-4fe9435f-d1-n418-k28.txt;0;216190;80.8336
../instances/ORTEC-VRPTW-ASYM-4fe9435f-d1-n418-k28.txt;0;216152;81.6576
../instances/ORTEC-VRPTW-ASYM-4fe9435f-d1-n418-k28.txt;0;216018;81.8722
../instances/ORTEC-VRPTW-ASYM-4fe9435f-d1-n418-k28.txt;0;215763;85.174
../instances/ORTEC-VRPTW-ASYM-4fe9435f-d1-n418-k28.txt;0;215754;90.2765
../instances/ORTEC-VRPTW-ASYM-4fe9435f-d1-n418-k28.txt;0;215735;90.8395
../instances/ORTEC-VRPTW-ASYM-4fe9435f-d1-n418-k28.txt;0;215694;91.0194
../instances/ORTEC-VRPTW-ASYM-4fe9435f-d1-n418-k28.txt;0;215684;92.1962
../instances/ORTEC-VRPTW-ASYM-4fe9435f-d1-n418-k28.txt;0;215682;93.2844
../instances/ORTEC-VRPTW-ASYM-4fe9435f-d1-n418-k28.txt;0;215645;93.3003
../instances/ORTEC-VRPTW-ASYM-4fe9435f-d1-n418-k28.txt;0;215552;94.6589
../instances/ORTEC-VRPTW-ASYM-4fe9435f-d1-n418-k28.txt;0;215491;94.913
../instances/ORTEC-VRPTW-ASYM-4fe9435f-d1-n418-k28.txt;0;215346;99.1629
../instances/ORTEC-VRPTW-ASYM-4fe9435f-d1-n418-k28.txt;0;215311;108.473
../instances/ORTEC-VRPTW-ASYM-4fe9435f-d1-n418-k28.txt;0;215268;109.278
../instances/ORTEC-VRPTW-ASYM-4fe9435f-d1-n418-k28.txt;0;215236;119.646
../instances/ORTEC-VRPTW-ASYM-4fe9435f-d1-n418-k28.txt;0;215233;119.944
../instances/ORTEC-VRPTW-ASYM-4fe9435f-d1-n418-k28.txt;0;215232;129.054
../instances/ORTEC-VRPTW-ASYM-4fe9435f-d1-n418-k28.txt;0;215206;286.857
../instances/ORTEC-VRPTW-ASYM-4fe9435f-d1-n418-k28.txt;0;215203;292.202
../instances/ORTEC-VRPTW-ASYM-4fe9435f-d1-n418-k28.txt;0;215189;319.198
../instances/ORTEC-VRPTW-ASYM-4fe9435f-d1-n418-k28.txt;0;215187;319.509
../instances/ORTEC-VRPTW-ASYM-4fe9435f-d1-n418-k28.txt;0;215087;361.049
../instances/ORTEC-VRPTW-ASYM-4fe9435f-d1-n418-k28.txt;0;215053;361.324
../instances/ORTEC-VRPTW-ASYM-4fe9435f-d1-n418-k28.txt;0;215037;364.376
../instances/ORTEC-VRPTW-ASYM-4fe9435f-d1-n418-k28.txt;0;215005;388.341
