../instances/ORTEC-VRPTW-ASYM-aa746fc7-d1-n478-k45.txt;0;228230;0.094286
../instances/ORTEC-VRPTW-ASYM-aa746fc7-d1-n478-k45.txt;0;228205;3.75486
../instances/ORTEC-VRPTW-ASYM-aa746fc7-d1-n478-k45.txt;0;227454;3.81149
../instances/ORTEC-VRPTW-ASYM-aa746fc7-d1-n478-k45.txt;0;226101;3.91993
../instances/ORTEC-VRPTW-ASYM-aa746fc7-d1-n478-k45.txt;0;225968;4.00579
../instances/ORTEC-VRPTW-ASYM-aa746fc7-d1-n478-k45.txt;0;225334;4.0141
../instances/ORTEC-VRPTW-ASYM-aa746fc7-d1-n478-k45.txt;0;223623;4.8053
../instances/ORTEC-VRPTW-ASYM-aa746fc7-d1-n478-k45.txt;0;220191;5.48336
../instances/ORTEC-VRPTW-ASYM-aa746fc7-d1-n478-k45.txt;0;219942;6.24202
../instances/ORTEC-VRPTW-ASYM-aa746fc7-d1-n478-k45.txt;0;216602;6.88222
../instances/ORTEC-VRPTW-ASYM-aa746fc7-d1-n478-k45.txt;0;216507;8.72243
../instances/ORTEC-VRPTW-ASYM-aa746fc7-d1-n478-k45.txt;0;215892;9.1546
../instances/ORTEC-VRPTW-ASYM-aa746fc7-d1-n478-k45.txt;0;215282;10.3622
../instances/ORTEC-VRPTW-ASYM-aa746fc7-d1-n478-k45.txt;0;213092;10.9214
../instances/ORTEC-VRPTW-ASYM-aa746fc7-d1-n478-k45.txt;0;211891;12.5201
../instances/ORTEC-VRPTW-ASYM-aa746fc7-d1-n478-k45.txt;0;211827;15.0096
../instances/ORTEC-VRPTW-ASYM-aa746fc7-d1-n478-k45.txt;0;211715;16.8414
../instances/ORTEC-VRPTW-ASYM-aa746fc7-d1-n478-k45.txt;0;211023;17.4318
../instances/ORTEC-VRPTW-ASYM-aa746fc7-d1-n478-k45.txt;0;210099;20.9737
../instances/ORTEC-VRPTW-ASYM-aa746fc7-d1-n478-k45.txt;0;209869;24.7114
../instances/ORTEC-VRPTW-ASYM-aa746fc7-d1-n478-k45.txt;0;209610;27.1266
../instances/ORTEC-VRPTW-ASYM-aa746fc7-d1-n478-k45.txt;0;209151;33.1121
../instances/ORTEC-VRPTW-ASYM-aa746fc7-d1-n478-k45.txt;0;208653;43.1033
../instances/ORTEC-VRPTW-ASYM-aa746fc7-d1-n478-k45.txt;0;208525;45.0061
../instances/ORTEC-VRPTW-ASYM-aa746fc7-d1-n478-k45.txt;0;208085;46.1793
../instances/ORTEC-VRPTW-ASYM-aa746fc7-d1-n478-k45.txt;0;208067;47.7774
../instances/ORTEC-VRPTW-ASYM-aa746fc7-d1-n478-k45.txt;0;207432;48.6568
../instances/ORTEC-VRPTW-ASYM-aa746fc7-d1-n478-k45.txt;0;206987;53.5614
../instances/ORTEC-VRPTW-ASYM-aa746fc7-d1-n478-k45.txt;0;206962;54.5306
../instances/ORTEC-VRPTW-ASYM-aa746fc7-d1-n478-k45.txt;0;206710;56.1663
../instances/ORTEC-VRPTW-ASYM-aa746fc7-d1-n478-k45.txt;0;205955;59.7126
../instances/ORTEC-VRPTW-ASYM-aa746fc7-d1-n478-k45.txt;0;205820;62.6892
../instances/ORTEC-VRPTW-ASYM-aa746fc7-d1-n478-k45.txt;0;205717;69.7706
../instances/ORTEC-VRPTW-ASYM-aa746fc7-d1-n478-k45.txt;0;205625;69.982
../instances/ORTEC-VRPTW-ASYM-aa746fc7-d1-n478-k45.txt;0;205551;71.0622
../instances/ORTEC-VRPTW-ASYM-aa746fc7-d1-n478-k45.txt;0;205479;73.9128
../instances/ORTEC-VRPTW-ASYM-aa746fc7-d1-n478-k45.txt;0;205123;74.3759
../instances/ORTEC-VRPTW-ASYM-aa746fc7-d1-n478-k45.txt;0;204521;76.2766
../instances/ORTEC-VRPTW-ASYM-aa746fc7-d1-n478-k45.txt;0;204290;80.1243
../instances/ORTEC-VRPTW-ASYM-aa746fc7-d1-n478-k45.txt;0;204056;80.2425
../instances/ORTEC-VRPTW-ASYM-aa746fc7-d1-n478-k45.txt;0;204023;82.4668
../instances/ORTEC-VRPTW-ASYM-aa746fc7-d1-n478-k45.txt;0;204004;83.1317
../instances/ORTEC-VRPTW-ASYM-aa746fc7-d1-n478-k45.txt;0;204001;86.0986
../instances/ORTEC-VRPTW-ASYM-aa746fc7-d1-n478-k45.txt;0;203938;86.4945
../instances/ORTEC-VRPTW-ASYM-aa746fc7-d1-n478-k45.txt;0;203920;86.4994
../instances/ORTEC-VRPTW-ASYM-aa746fc7-d1-n478-k45.txt;0;203917;87.9047
../instances/ORTEC-VRPTW-ASYM-aa746fc7-d1-n478-k45.txt;0;203878;87.9484
../instances/ORTEC-VRPTW-ASYM-aa746fc7-d1-n478-k45.txt;0;203776;94.2966
../instances/ORTEC-VRPTW-ASYM-aa746fc7-d1-n478-k45.txt;0;203533;96.4057
../instances/ORTEC-VRPTW-ASYM-aa746fc7-d1-n478-k45.txt;0;203517;101.241
../instances/ORTEC-VRPTW-ASYM-aa746fc7-d1-n478-k45.txt;0;203144;103.099
../instances/ORTEC-VRPTW-ASYM-aa746fc7-d1-n478-k45.txt;0;203093;107.179
../instances/ORTEC-VRPTW-ASYM-aa746fc7-d1-n478-k45.txt;0;203047;116.442
../instances/ORTEC-VRPTW-ASYM-aa746fc7-d1-n478-k45.txt;0;202996;120.881
../instances/ORTEC-VRPTW-ASYM-aa746fc7-d1-n478-k45.txt;0;202988;122.123
../instances/ORTEC-VRPTW-ASYM-aa746fc7-d1-n478-k45.txt;0;202975;122.739
../instances/ORTEC-VRPTW-ASYM-aa746fc7-d1-n478-k45.txt;0;202613;130.914
../instances/ORTEC-VRPTW-ASYM-aa746fc7-d1-n478-k45.txt;0;202451;141.626
../instances/ORTEC-VRPTW-ASYM-aa746fc7-d1-n478-k45.txt;0;202159;142.001
../instances/ORTEC-VRPTW-ASYM-aa746fc7-d1-n478-k45.txt;0;202063;145.614
../instances/ORTEC-VRPTW-ASYM-aa746fc7-d1-n478-k45.txt;0;202022;145.894
../instances/ORTEC-VRPTW-ASYM-aa746fc7-d1-n478-k45.txt;0;201916;146.971
../instances/ORTEC-VRPTW-ASYM-aa746fc7-d1-n478-k45.txt;0;201777;147.653
../instances/ORTEC-VRPTW-ASYM-aa746fc7-d1-n478-k45.txt;0;201663;148.955
../instances/ORTEC-VRPTW-ASYM-aa746fc7-d1-n478-k45.txt;0;201609;149.944
../instances/ORTEC-VRPTW-ASYM-aa746fc7-d1-n478-k45.txt;0;201424;150.143
../instances/ORTEC-VRPTW-ASYM-aa746fc7-d1-n478-k45.txt;0;201393;151.201
../instances/ORTEC-VRPTW-ASYM-aa746fc7-d1-n478-k45.txt;0;201385;155.066
../instances/ORTEC-VRPTW-ASYM-aa746fc7-d1-n478-k45.txt;0;201309;158.496
../instances/ORTEC-VRPTW-ASYM-aa746fc7-d1-n478-k45.txt;0;201297;160.284
../instances/ORTEC-VRPTW-ASYM-aa746fc7-d1-n478-k45.txt;0;201262;161.421
../instances/ORTEC-VRPTW-ASYM-aa746fc7-d1-n478-k45.txt;0;201258;162.715
../instances/ORTEC-VRPTW-ASYM-aa746fc7-d1-n478-k45.txt;0;201222;162.924
../instances/ORTEC-VRPTW-ASYM-aa746fc7-d1-n478-k45.txt;0;201128;163.117
../instances/ORTEC-VRPTW-ASYM-aa746fc7-d1-n478-k45.txt;0;201011;165.009
../instances/ORTEC-VRPTW-ASYM-aa746fc7-d1-n478-k45.txt;0;201010;172.648
../instances/ORTEC-VRPTW-ASYM-aa746fc7-d1-n478-k45.txt;0;200991;172.915
../instances/ORTEC-VRPTW-ASYM-aa746fc7-d1-n478-k45.txt;0;200986;216.329
../instances/ORTEC-VRPTW-ASYM-aa746fc7-d1-n478-k45.txt;0;200985;216.896
../instances/ORTEC-VRPTW-ASYM-aa746fc7-d1-n478-k45.txt;0;200977;225.487
../instances/ORTEC-VRPTW-ASYM-aa746fc7-d1-n478-k45.txt;0;200976;226.462
../instances/ORTEC-VRPTW-ASYM-aa746fc7-d1-n478-k45.txt;0;200970;226.803
../instances/ORTEC-VRPTW-ASYM-aa746fc7-d1-n478-k45.txt;0;200964;255.673
../instances/ORTEC-VRPTW-ASYM-aa746fc7-d1-n478-k45.txt;0;200948;270.136
../instances/ORTEC-VRPTW-ASYM-aa746fc7-d1-n478-k45.txt;0;200908;271.803
../instances/ORTEC-VRPTW-ASYM-aa746fc7-d1-n478-k45.txt;0;200878;271.885
../instances/ORTEC-VRPTW-ASYM-aa746fc7-d1-n478-k45.txt;0;200817;272.256
../instances/ORTEC-VRPTW-ASYM-aa746fc7-d1-n478-k45.txt;0;200782;272.757
../instances/ORTEC-VRPTW-ASYM-aa746fc7-d1-n478-k45.txt;0;200768;280.323
../instances/ORTEC-VRPTW-ASYM-aa746fc7-d1-n478-k45.txt;0;200716;318.765
../instances/ORTEC-VRPTW-ASYM-aa746fc7-d1-n478-k45.txt;0;200711;319.517
../instances/ORTEC-VRPTW-ASYM-aa746fc7-d1-n478-k45.txt;0;200702;320.869
../instances/ORTEC-VRPTW-ASYM-aa746fc7-d1-n478-k45.txt;0;200699;322.261
../instances/ORTEC-VRPTW-ASYM-aa746fc7-d1-n478-k45.txt;0;200693;332.112
../instances/ORTEC-VRPTW-ASYM-aa746fc7-d1-n478-k45.txt;0;200656;363.205
../instances/ORTEC-VRPTW-ASYM-aa746fc7-d1-n478-k45.txt;0;200655;444.642
../instances/ORTEC-VRPTW-ASYM-aa746fc7-d1-n478-k45.txt;0;200599;685.38
../instances/ORTEC-VRPTW-ASYM-aa746fc7-d1-n478-k45.txt;0;200591;688.256
../instances/ORTEC-VRPTW-ASYM-aa746fc7-d1-n478-k45.txt;0;200586;697.632
../instances/ORTEC-VRPTW-ASYM-aa746fc7-d1-n478-k45.txt;0;200579;697.667
../instances/ORTEC-VRPTW-ASYM-aa746fc7-d1-n478-k45.txt;0;200567;735.674
../instances/ORTEC-VRPTW-ASYM-aa746fc7-d1-n478-k45.txt;0;200560;741.728
../instances/ORTEC-VRPTW-ASYM-aa746fc7-d1-n478-k45.txt;0;200542;764.628
../instances/ORTEC-VRPTW-ASYM-aa746fc7-d1-n478-k45.txt;0;200534;765.053
../instances/ORTEC-VRPTW-ASYM-aa746fc7-d1-n478-k45.txt;0;200496;766.981
../instances/ORTEC-VRPTW-ASYM-aa746fc7-d1-n478-k45.txt;0;200449;804.588
../instances/ORTEC-VRPTW-ASYM-aa746fc7-d1-n478-k45.txt;0;200252;922.359
../instances/ORTEC-VRPTW-ASYM-aa746fc7-d1-n478-k45.txt;0;200241;977.268
