../instances/ORTEC-VRPTW-ASYM-9219f367-d1-n252-k20.txt;0;204930;0.082659
../instances/ORTEC-VRPTW-ASYM-9219f367-d1-n252-k20.txt;0;204520;1.69369
../instances/ORTEC-VRPTW-ASYM-9219f367-d1-n252-k20.txt;0;204396;1.80964
../instances/ORTEC-VRPTW-ASYM-9219f367-d1-n252-k20.txt;0;204154;1.89806
../instances/ORTEC-VRPTW-ASYM-9219f367-d1-n252-k20.txt;0;202491;1.94741
../instances/ORTEC-VRPTW-ASYM-9219f367-d1-n252-k20.txt;0;202143;2.33093
../instances/ORTEC-VRPTW-ASYM-9219f367-d1-n252-k20.txt;0;201969;2.52567
../instances/ORTEC-VRPTW-ASYM-9219f367-d1-n252-k20.txt;0;201696;2.73886
../instances/ORTEC-VRPTW-ASYM-9219f367-d1-n252-k20.txt;0;201136;2.84
../instances/ORTEC-VRPTW-ASYM-9219f367-d1-n252-k20.txt;0;199780;3.24887
../instances/ORTEC-VRPTW-ASYM-9219f367-d1-n252-k20.txt;0;198544;3.46903
../instances/ORTEC-VRPTW-ASYM-9219f367-d1-n252-k20.txt;0;198173;4.39563
../instances/ORTEC-VRPTW-ASYM-9219f367-d1-n252-k20.txt;0;197262;4.77727
../instances/ORTEC-VRPTW-ASYM-9219f367-d1-n252-k20.txt;0;196603;5.84577
../instances/ORTEC-VRPTW-ASYM-9219f367-d1-n252-k20.txt;0;195747;6.79638
../instances/ORTEC-VRPTW-ASYM-9219f367-d1-n252-k20.txt;0;195707;7.77998
../instances/ORTEC-VRPTW-ASYM-9219f367-d1-n252-k20.txt;0;195555;8.297
../instances/ORTEC-VRPTW-ASYM-9219f367-d1-n252-k20.txt;0;195239;9.78833
../instances/ORTEC-VRPTW-ASYM-9219f367-d1-n252-k20.txt;0;195230;10.2125
../instances/ORTEC-VRPTW-ASYM-9219f367-d1-n252-k20.txt;0;194207;10.3329
../instances/ORTEC-VRPTW-ASYM-9219f367-d1-n252-k20.txt;0;193751;11.6459
../instances/ORTEC-VRPTW-ASYM-9219f367-d1-n252-k20.txt;0;193702;11.7142
