../instances/ORTEC-VRPTW-ASYM-b384a276-d1-n219-k17.txt;0;148241;0.038602
../instances/ORTEC-VRPTW-ASYM-b384a276-d1-n219-k17.txt;0;142447;0.061496
../instances/ORTEC-VRPTW-ASYM-b384a276-d1-n219-k17.txt;0;140214;0.371369
../instances/ORTEC-VRPTW-ASYM-b384a276-d1-n219-k17.txt;0;138648;1.29541
../instances/ORTEC-VRPTW-ASYM-b384a276-d1-n219-k17.txt;0;137959;1.65346
../instances/ORTEC-VRPTW-ASYM-b384a276-d1-n219-k17.txt;0;137515;1.83961
../instances/ORTEC-VRPTW-ASYM-b384a276-d1-n219-k17.txt;0;137160;2.24349
../instances/ORTEC-VRPTW-ASYM-b384a276-d1-n219-k17.txt;0;135804;2.30424
../instances/ORTEC-VRPTW-ASYM-b384a276-d1-n219-k17.txt;0;135200;2.31662
../instances/ORTEC-VRPTW-ASYM-b384a276-d1-n219-k17.txt;0;133794;3.45248
../instances/ORTEC-VRPTW-ASYM-b384a276-d1-n219-k17.txt;0;133683;4.28984
../instances/ORTEC-VRPTW-ASYM-b384a276-d1-n219-k17.txt;0;133464;4.64862
../instances/ORTEC-VRPTW-ASYM-b384a276-d1-n219-k17.txt;0;133206;4.9082
../instances/ORTEC-VRPTW-ASYM-b384a276-d1-n219-k17.txt;0;133184;6.04938
../instances/ORTEC-VRPTW-ASYM-b384a276-d1-n219-k17.txt;0;133096;6.18191
../instances/ORTEC-VRPTW-ASYM-b384a276-d1-n219-k17.txt;0;133072;6.72736
../instances/ORTEC-VRPTW-ASYM-b384a276-d1-n219-k17.txt;0;132787;6.83794
../instances/ORTEC-VRPTW-ASYM-b384a276-d1-n219-k17.txt;0;132645;6.88969
../instances/ORTEC-VRPTW-ASYM-b384a276-d1-n219-k17.txt;0;132553;7.80104
../instances/ORTEC-VRPTW-ASYM-b384a276-d1-n219-k17.txt;0;132379;8.64266
../instances/ORTEC-VRPTW-ASYM-b384a276-d1-n219-k17.txt;0;132140;9.2476
../instances/ORTEC-VRPTW-ASYM-b384a276-d1-n219-k17.txt;0;132106;9.86519
../instances/ORTEC-VRPTW-ASYM-b384a276-d1-n219-k17.txt;0;132023;10.043
../instances/ORTEC-VRPTW-ASYM-b384a276-d1-n219-k17.txt;0;132008;10.1684
../instances/ORTEC-VRPTW-ASYM-b384a276-d1-n219-k17.txt;0;131982;10.5007
../instances/ORTEC-VRPTW-ASYM-b384a276-d1-n219-k17.txt;0;131977;10.7356
../instances/ORTEC-VRPTW-ASYM-b384a276-d1-n219-k17.txt;0;131940;11.1155
../instances/ORTEC-VRPTW-ASYM-b384a276-d1-n219-k17.txt;0;131876;11.1198
../instances/ORTEC-VRPTW-ASYM-b384a276-d1-n219-k17.txt;0;131842;11.4574
../instances/ORTEC-VRPTW-ASYM-b384a276-d1-n219-k17.txt;0;131838;11.8554
../instances/ORTEC-VRPTW-ASYM-b384a276-d1-n219-k17.txt;0;131807;12.255
../instances/ORTEC-VRPTW-ASYM-b384a276-d1-n219-k17.txt;0;131795;12.4368
../instances/ORTEC-VRPTW-ASYM-b384a276-d1-n219-k17.txt;0;131786;12.5563
../instances/ORTEC-VRPTW-ASYM-b384a276-d1-n219-k17.txt;0;131724;12.7959
