../instances/ORTEC-VRPTW-ASYM-d1906538-d1-n226-k30.txt;0;100694;0.026203
../instances/ORTEC-VRPTW-ASYM-d1906538-d1-n226-k30.txt;0;100409;0.032602
../instances/ORTEC-VRPTW-ASYM-d1906538-d1-n226-k30.txt;0;100270;0.057284
../instances/ORTEC-VRPTW-ASYM-d1906538-d1-n226-k30.txt;0;97081;0.114669
../instances/ORTEC-VRPTW-ASYM-d1906538-d1-n226-k30.txt;0;96797;0.124882
../instances/ORTEC-VRPTW-ASYM-d1906538-d1-n226-k30.txt;0;93437;0.315643
../instances/ORTEC-VRPTW-ASYM-d1906538-d1-n226-k30.txt;0;93373;1.17617
../instances/ORTEC-VRPTW-ASYM-d1906538-d1-n226-k30.txt;0;93167;1.19458
../instances/ORTEC-VRPTW-ASYM-d1906538-d1-n226-k30.txt;0;92179;1.20324
../instances/ORTEC-VRPTW-ASYM-d1906538-d1-n226-k30.txt;0;90706;1.28845
../instances/ORTEC-VRPTW-ASYM-d1906538-d1-n226-k30.txt;0;89831;1.35996
../instances/ORTEC-VRPTW-ASYM-d1906538-d1-n226-k30.txt;0;88894;1.83617
../instances/ORTEC-VRPTW-ASYM-d1906538-d1-n226-k30.txt;0;88868;2.364
../instances/ORTEC-VRPTW-ASYM-d1906538-d1-n226-k30.txt;0;88698;2.54617
../instances/ORTEC-VRPTW-ASYM-d1906538-d1-n226-k30.txt;0;88689;2.79782
../instances/ORTEC-VRPTW-ASYM-d1906538-d1-n226-k30.txt;0;88665;2.89578
../instances/ORTEC-VRPTW-ASYM-d1906538-d1-n226-k30.txt;0;88110;3.0593
../instances/ORTEC-VRPTW-ASYM-d1906538-d1-n226-k30.txt;0;88079;3.92569
../instances/ORTEC-VRPTW-ASYM-d1906538-d1-n226-k30.txt;0;88014;3.97955
../instances/ORTEC-VRPTW-ASYM-d1906538-d1-n226-k30.txt;0;87935;4.17495
../instances/ORTEC-VRPTW-ASYM-d1906538-d1-n226-k30.txt;0;87933;4.32384
../instances/ORTEC-VRPTW-ASYM-d1906538-d1-n226-k30.txt;0;87740;4.40254
../instances/ORTEC-VRPTW-ASYM-d1906538-d1-n226-k30.txt;0;87713;4.7367
../instances/ORTEC-VRPTW-ASYM-d1906538-d1-n226-k30.txt;0;87679;4.88092
../instances/ORTEC-VRPTW-ASYM-d1906538-d1-n226-k30.txt;0;87652;5.47879
../instances/ORTEC-VRPTW-ASYM-d1906538-d1-n226-k30.txt;0;87611;5.6514
../instances/ORTEC-VRPTW-ASYM-d1906538-d1-n226-k30.txt;0;87596;5.92185
../instances/ORTEC-VRPTW-ASYM-d1906538-d1-n226-k30.txt;0;87594;6.61167
../instances/ORTEC-VRPTW-ASYM-d1906538-d1-n226-k30.txt;0;87579;6.79762
../instances/ORTEC-VRPTW-ASYM-d1906538-d1-n226-k30.txt;0;87547;37.4579
