../instances/ORTEC-VRPTW-ASYM-9c08a0ac-d1-n250-k15.txt;0;162115;0.085363
../instances/ORTEC-VRPTW-ASYM-9c08a0ac-d1-n250-k15.txt;0;160013;0.662632
../instances/ORTEC-VRPTW-ASYM-9c08a0ac-d1-n250-k15.txt;0;158992;1.49998
../instances/ORTEC-VRPTW-ASYM-9c08a0ac-d1-n250-k15.txt;0;158521;1.59438
../instances/ORTEC-VRPTW-ASYM-9c08a0ac-d1-n250-k15.txt;0;158000;1.68285
../instances/ORTEC-VRPTW-ASYM-9c08a0ac-d1-n250-k15.txt;0;156165;1.8366
../instances/ORTEC-VRPTW-ASYM-9c08a0ac-d1-n250-k15.txt;0;155949;2.12031
../instances/ORTEC-VRPTW-ASYM-9c08a0ac-d1-n250-k15.txt;0;155948;2.21149
../instances/ORTEC-VRPTW-ASYM-9c08a0ac-d1-n250-k15.txt;0;154814;2.34017
../instances/ORTEC-VRPTW-ASYM-9c08a0ac-d1-n250-k15.txt;0;154797;2.75227
../instances/ORTEC-VRPTW-ASYM-9c08a0ac-d1-n250-k15.txt;0;153463;2.96919
../instances/ORTEC-VRPTW-ASYM-9c08a0ac-d1-n250-k15.txt;0;151547;3.22256
../instances/ORTEC-VRPTW-ASYM-9c08a0ac-d1-n250-k15.txt;0;151436;5.79737
../instances/ORTEC-VRPTW-ASYM-9c08a0ac-d1-n250-k15.txt;0;151151;5.94701
../instances/ORTEC-VRPTW-ASYM-9c08a0ac-d1-n250-k15.txt;0;150912;7.66393
../instances/ORTEC-VRPTW-ASYM-9c08a0ac-d1-n250-k15.txt;0;150636;8.25017
../instances/ORTEC-VRPTW-ASYM-9c08a0ac-d1-n250-k15.txt;0;150097;8.64269
../instances/ORTEC-VRPTW-ASYM-9c08a0ac-d1-n250-k15.txt;0;149936;15.5123
../instances/ORTEC-VRPTW-ASYM-9c08a0ac-d1-n250-k15.txt;0;149807;16.0306
../instances/ORTEC-VRPTW-ASYM-9c08a0ac-d1-n250-k15.txt;0;149712;18.8549
../instances/ORTEC-VRPTW-ASYM-9c08a0ac-d1-n250-k15.txt;0;149616;23.5849
../instances/ORTEC-VRPTW-ASYM-9c08a0ac-d1-n250-k15.txt;0;149452;24.1912
../instances/ORTEC-VRPTW-ASYM-9c08a0ac-d1-n250-k15.txt;0;149308;24.6664
../instances/ORTEC-VRPTW-ASYM-9c08a0ac-d1-n250-k15.txt;0;149049;31.5346
../instances/ORTEC-VRPTW-ASYM-9c08a0ac-d1-n250-k15.txt;0;148861;36.1538
../instances/ORTEC-VRPTW-ASYM-9c08a0ac-d1-n250-k15.txt;0;148821;37.7231
../instances/ORTEC-VRPTW-ASYM-9c08a0ac-d1-n250-k15.txt;0;148580;37.9069
../instances/ORTEC-VRPTW-ASYM-9c08a0ac-d1-n250-k15.txt;0;148538;39.5552
../instances/ORTEC-VRPTW-ASYM-9c08a0ac-d1-n250-k15.txt;0;148285;42.6508
../instances/ORTEC-VRPTW-ASYM-9c08a0ac-d1-n250-k15.txt;0;148194;54.066
../instances/ORTEC-VRPTW-ASYM-9c08a0ac-d1-n250-k15.txt;0;148139;74.7501
../instances/ORTEC-VRPTW-ASYM-9c08a0ac-d1-n250-k15.txt;0;148056;76.6189
../instances/ORTEC-VRPTW-ASYM-9c08a0ac-d1-n250-k15.txt;0;147921;85.2609
../instances/ORTEC-VRPTW-ASYM-9c08a0ac-d1-n250-k15.txt;0;147867;92.8319
../instances/ORTEC-VRPTW-ASYM-9c08a0ac-d1-n250-k15.txt;0;147845;141.83
../instances/ORTEC-VRPTW-ASYM-9c08a0ac-d1-n250-k15.txt;0;147693;158.745
../instances/ORTEC-VRPTW-ASYM-9c08a0ac-d1-n250-k15.txt;0;147652;160.629
../instances/ORTEC-VRPTW-ASYM-9c08a0ac-d1-n250-k15.txt;0;147583;164.452
../instances/ORTEC-VRPTW-ASYM-9c08a0ac-d1-n250-k15.txt;0;147582;172.169
../instances/ORTEC-VRPTW-ASYM-9c08a0ac-d1-n250-k15.txt;0;147502;212.11
../instances/ORTEC-VRPTW-ASYM-9c08a0ac-d1-n250-k15.txt;0;147400;221.621
../instances/ORTEC-VRPTW-ASYM-9c08a0ac-d1-n250-k15.txt;0;147287;221.726
