../instances/ORTEC-VRPTW-ASYM-5e5904f3-d1-n203-k15.txt;0;165713;0.045111
../instances/ORTEC-VRPTW-ASYM-5e5904f3-d1-n203-k15.txt;0;159598;0.133885
../instances/ORTEC-VRPTW-ASYM-5e5904f3-d1-n203-k15.txt;0;158519;0.454017
../instances/ORTEC-VRPTW-ASYM-5e5904f3-d1-n203-k15.txt;0;157761;0.981284
../instances/ORTEC-VRPTW-ASYM-5e5904f3-d1-n203-k15.txt;0;157464;0.996848
../instances/ORTEC-VRPTW-ASYM-5e5904f3-d1-n203-k15.txt;0;157089;1.01992
../instances/ORTEC-VRPTW-ASYM-5e5904f3-d1-n203-k15.txt;0;154204;1.1266
../instances/ORTEC-VRPTW-ASYM-5e5904f3-d1-n203-k15.txt;0;154047;1.57242
../instances/ORTEC-VRPTW-ASYM-5e5904f3-d1-n203-k15.txt;0;153449;1.65891
../instances/ORTEC-VRPTW-ASYM-5e5904f3-d1-n203-k15.txt;0;153126;1.97541
../instances/ORTEC-VRPTW-ASYM-5e5904f3-d1-n203-k15.txt;0;151762;2.00818
../instances/ORTEC-VRPTW-ASYM-5e5904f3-d1-n203-k15.txt;0;151514;2.16128
../instances/ORTEC-VRPTW-ASYM-5e5904f3-d1-n203-k15.txt;0;151144;2.65355
../instances/ORTEC-VRPTW-ASYM-5e5904f3-d1-n203-k15.txt;0;151079;2.66076
../instances/ORTEC-VRPTW-ASYM-5e5904f3-d1-n203-k15.txt;0;150906;2.88233
../instances/ORTEC-VRPTW-ASYM-5e5904f3-d1-n203-k15.txt;0;150801;3.4057
../instances/ORTEC-VRPTW-ASYM-5e5904f3-d1-n203-k15.txt;0;150636;3.86934
../instances/ORTEC-VRPTW-ASYM-5e5904f3-d1-n203-k15.txt;0;149902;4.15516
../instances/ORTEC-VRPTW-ASYM-5e5904f3-d1-n203-k15.txt;0;149706;4.77991
../instances/ORTEC-VRPTW-ASYM-5e5904f3-d1-n203-k15.txt;0;149205;4.95587
../instances/ORTEC-VRPTW-ASYM-5e5904f3-d1-n203-k15.txt;0;148903;5.07068
../instances/ORTEC-VRPTW-ASYM-5e5904f3-d1-n203-k15.txt;0;148746;5.51634
../instances/ORTEC-VRPTW-ASYM-5e5904f3-d1-n203-k15.txt;0;148649;5.94318
../instances/ORTEC-VRPTW-ASYM-5e5904f3-d1-n203-k15.txt;0;148483;6.11871
../instances/ORTEC-VRPTW-ASYM-5e5904f3-d1-n203-k15.txt;0;148452;6.523
../instances/ORTEC-VRPTW-ASYM-5e5904f3-d1-n203-k15.txt;0;148277;6.63119
../instances/ORTEC-VRPTW-ASYM-5e5904f3-d1-n203-k15.txt;0;148221;6.83768
../instances/ORTEC-VRPTW-ASYM-5e5904f3-d1-n203-k15.txt;0;148194;6.842
../instances/ORTEC-VRPTW-ASYM-5e5904f3-d1-n203-k15.txt;0;148180;7.13957
../instances/ORTEC-VRPTW-ASYM-5e5904f3-d1-n203-k15.txt;0;148155;7.18504
../instances/ORTEC-VRPTW-ASYM-5e5904f3-d1-n203-k15.txt;0;148083;7.51045
../instances/ORTEC-VRPTW-ASYM-5e5904f3-d1-n203-k15.txt;0;148041;7.89636
