../instances/ORTEC-VRPTW-ASYM-d8fb9efc-d1-n237-k15.txt;0;153817;0.065573
../instances/ORTEC-VRPTW-ASYM-d8fb9efc-d1-n237-k15.txt;0;150803;0.159451
../instances/ORTEC-VRPTW-ASYM-d8fb9efc-d1-n237-k15.txt;0;149904;0.171638
../instances/ORTEC-VRPTW-ASYM-d8fb9efc-d1-n237-k15.txt;0;149791;0.18552
../instances/ORTEC-VRPTW-ASYM-d8fb9efc-d1-n237-k15.txt;0;149421;1.35982
../instances/ORTEC-VRPTW-ASYM-d8fb9efc-d1-n237-k15.txt;0;148797;1.59996
../instances/ORTEC-VRPTW-ASYM-d8fb9efc-d1-n237-k15.txt;0;145638;1.65662
../instances/ORTEC-VRPTW-ASYM-d8fb9efc-d1-n237-k15.txt;0;145187;1.81031
../instances/ORTEC-VRPTW-ASYM-d8fb9efc-d1-n237-k15.txt;0;143962;2.23754
../instances/ORTEC-VRPTW-ASYM-d8fb9efc-d1-n237-k15.txt;0;143805;2.283
../instances/ORTEC-VRPTW-ASYM-d8fb9efc-d1-n237-k15.txt;0;143395;2.98609
../instances/ORTEC-VRPTW-ASYM-d8fb9efc-d1-n237-k15.txt;0;143155;3.06783
../instances/ORTEC-VRPTW-ASYM-d8fb9efc-d1-n237-k15.txt;0;142121;3.3481
../instances/ORTEC-VRPTW-ASYM-d8fb9efc-d1-n237-k15.txt;0;141563;3.53564
../instances/ORTEC-VRPTW-ASYM-d8fb9efc-d1-n237-k15.txt;0;141515;3.89201
../instances/ORTEC-VRPTW-ASYM-d8fb9efc-d1-n237-k15.txt;0;141098;4.798
../instances/ORTEC-VRPTW-ASYM-d8fb9efc-d1-n237-k15.txt;0;140736;4.83633
../instances/ORTEC-VRPTW-ASYM-d8fb9efc-d1-n237-k15.txt;0;140528;5.0278
../instances/ORTEC-VRPTW-ASYM-d8fb9efc-d1-n237-k15.txt;0;140310;5.63388
../instances/ORTEC-VRPTW-ASYM-d8fb9efc-d1-n237-k15.txt;0;140102;6.24318
../instances/ORTEC-VRPTW-ASYM-d8fb9efc-d1-n237-k15.txt;0;139724;6.39511
../instances/ORTEC-VRPTW-ASYM-d8fb9efc-d1-n237-k15.txt;0;139199;7.58365
../instances/ORTEC-VRPTW-ASYM-d8fb9efc-d1-n237-k15.txt;0;139184;9.19432
../instances/ORTEC-VRPTW-ASYM-d8fb9efc-d1-n237-k15.txt;0;139151;10.0541
../instances/ORTEC-VRPTW-ASYM-d8fb9efc-d1-n237-k15.txt;0;139136;10.3604
../instances/ORTEC-VRPTW-ASYM-d8fb9efc-d1-n237-k15.txt;0;138974;10.5621
../instances/ORTEC-VRPTW-ASYM-d8fb9efc-d1-n237-k15.txt;0;138973;11.5944
../instances/ORTEC-VRPTW-ASYM-d8fb9efc-d1-n237-k15.txt;0;138958;11.8314
../instances/ORTEC-VRPTW-ASYM-d8fb9efc-d1-n237-k15.txt;0;138887;12.2797
../instances/ORTEC-VRPTW-ASYM-d8fb9efc-d1-n237-k15.txt;0;138831;13.9237
../instances/ORTEC-VRPTW-ASYM-d8fb9efc-d1-n237-k15.txt;0;138787;13.9867
../instances/ORTEC-VRPTW-ASYM-d8fb9efc-d1-n237-k15.txt;0;138784;16.6043
../instances/ORTEC-VRPTW-ASYM-d8fb9efc-d1-n237-k15.txt;0;138675;17.2734
../instances/ORTEC-VRPTW-ASYM-d8fb9efc-d1-n237-k15.txt;0;138660;18.2952
../instances/ORTEC-VRPTW-ASYM-d8fb9efc-d1-n237-k15.txt;0;138649;19.7814
../instances/ORTEC-VRPTW-ASYM-d8fb9efc-d1-n237-k15.txt;0;138637;21.7268
../instances/ORTEC-VRPTW-ASYM-d8fb9efc-d1-n237-k15.txt;0;138626;23.47
