../instances/ORTEC-VRPTW-ASYM-7b8058ef-d1-n299-k20.txt;0;208650;0.088949
../instances/ORTEC-VRPTW-ASYM-7b8058ef-d1-n299-k20.txt;0;205511;0.111962
../instances/ORTEC-VRPTW-ASYM-7b8058ef-d1-n299-k20.txt;0;196840;0.195557
../instances/ORTEC-VRPTW-ASYM-7b8058ef-d1-n299-k20.txt;0;196742;0.577963
../instances/ORTEC-VRPTW-ASYM-7b8058ef-d1-n299-k20.txt;0;196529;1.43919
../instances/ORTEC-VRPTW-ASYM-7b8058ef-d1-n299-k20.txt;0;195436;1.78305
../instances/ORTEC-VRPTW-ASYM-7b8058ef-d1-n299-k20.txt;0;191458;1.92285
../instances/ORTEC-VRPTW-ASYM-7b8058ef-d1-n299-k20.txt;0;190728;2.42519
../instances/ORTEC-VRPTW-ASYM-7b8058ef-d1-n299-k20.txt;0;190260;2.97923
../instances/ORTEC-VRPTW-ASYM-7b8058ef-d1-n299-k20.txt;0;190017;3.56357
../instances/ORTEC-VRPTW-ASYM-7b8058ef-d1-n299-k20.txt;0;189020;3.77419
../instances/ORTEC-VRPTW-ASYM-7b8058ef-d1-n299-k20.txt;0;187797;4.29835
../instances/ORTEC-VRPTW-ASYM-7b8058ef-d1-n299-k20.txt;0;187578;4.56171
../instances/ORTEC-VRPTW-ASYM-7b8058ef-d1-n299-k20.txt;0;187378;4.65154
../instances/ORTEC-VRPTW-ASYM-7b8058ef-d1-n299-k20.txt;0;186847;4.83324
../instances/ORTEC-VRPTW-ASYM-7b8058ef-d1-n299-k20.txt;0;185855;5.68716
../instances/ORTEC-VRPTW-ASYM-7b8058ef-d1-n299-k20.txt;0;185762;6.5858
../instances/ORTEC-VRPTW-ASYM-7b8058ef-d1-n299-k20.txt;0;185639;6.82955
../instances/ORTEC-VRPTW-ASYM-7b8058ef-d1-n299-k20.txt;0;185416;7.55284
../instances/ORTEC-VRPTW-ASYM-7b8058ef-d1-n299-k20.txt;0;185372;8.9734
../instances/ORTEC-VRPTW-ASYM-7b8058ef-d1-n299-k20.txt;0;185201;8.98488
../instances/ORTEC-VRPTW-ASYM-7b8058ef-d1-n299-k20.txt;0;184983;9.25464
../instances/ORTEC-VRPTW-ASYM-7b8058ef-d1-n299-k20.txt;0;184462;9.34679
../instances/ORTEC-VRPTW-ASYM-7b8058ef-d1-n299-k20.txt;0;184377;10.9202
../instances/ORTEC-VRPTW-ASYM-7b8058ef-d1-n299-k20.txt;0;184122;11.1648
../instances/ORTEC-VRPTW-ASYM-7b8058ef-d1-n299-k20.txt;0;183631;12.6363
../instances/ORTEC-VRPTW-ASYM-7b8058ef-d1-n299-k20.txt;0;183282;14.7541
../instances/ORTEC-VRPTW-ASYM-7b8058ef-d1-n299-k20.txt;0;182908;15.9037
../instances/ORTEC-VRPTW-ASYM-7b8058ef-d1-n299-k20.txt;0;182747;18.719
../instances/ORTEC-VRPTW-ASYM-7b8058ef-d1-n299-k20.txt;0;182733;19.291
../instances/ORTEC-VRPTW-ASYM-7b8058ef-d1-n299-k20.txt;0;182668;19.496
../instances/ORTEC-VRPTW-ASYM-7b8058ef-d1-n299-k20.txt;0;182560;20.2704
../instances/ORTEC-VRPTW-ASYM-7b8058ef-d1-n299-k20.txt;0;182454;22.6262
../instances/ORTEC-VRPTW-ASYM-7b8058ef-d1-n299-k20.txt;0;182126;26.3713
../instances/ORTEC-VRPTW-ASYM-7b8058ef-d1-n299-k20.txt;0;182114;29.3131
../instances/ORTEC-VRPTW-ASYM-7b8058ef-d1-n299-k20.txt;0;182112;33.4005
../instances/ORTEC-VRPTW-ASYM-7b8058ef-d1-n299-k20.txt;0;182052;33.6888
../instances/ORTEC-VRPTW-ASYM-7b8058ef-d1-n299-k20.txt;0;182044;35.5971
../instances/ORTEC-VRPTW-ASYM-7b8058ef-d1-n299-k20.txt;0;181987;37.7719
../instances/ORTEC-VRPTW-ASYM-7b8058ef-d1-n299-k20.txt;0;181963;39.6794
../instances/ORTEC-VRPTW-ASYM-7b8058ef-d1-n299-k20.txt;0;181953;44.0621
../instances/ORTEC-VRPTW-ASYM-7b8058ef-d1-n299-k20.txt;0;181937;51.6614
../instances/ORTEC-VRPTW-ASYM-7b8058ef-d1-n299-k20.txt;0;181927;81.1962
../instances/ORTEC-VRPTW-ASYM-7b8058ef-d1-n299-k20.txt;0;181766;84.8491
../instances/ORTEC-VRPTW-ASYM-7b8058ef-d1-n299-k20.txt;0;181729;89.3724
../instances/ORTEC-VRPTW-ASYM-7b8058ef-d1-n299-k20.txt;0;181705;96.8291
../instances/ORTEC-VRPTW-ASYM-7b8058ef-d1-n299-k20.txt;0;181668;97.0377
../instances/ORTEC-VRPTW-ASYM-7b8058ef-d1-n299-k20.txt;0;181664;97.706
../instances/ORTEC-VRPTW-ASYM-7b8058ef-d1-n299-k20.txt;0;181661;102.124
../instances/ORTEC-VRPTW-ASYM-7b8058ef-d1-n299-k20.txt;0;181649;102.669
../instances/ORTEC-VRPTW-ASYM-7b8058ef-d1-n299-k20.txt;0;181629;129.498
