../instances/ORTEC-VRPTW-ASYM-6d6b508e-d1-n413-k35.txt;0;216684;0.07511
../instances/ORTEC-VRPTW-ASYM-6d6b508e-d1-n413-k35.txt;0;212553;0.317928
../instances/ORTEC-VRPTW-ASYM-6d6b508e-d1-n413-k35.txt;0;211868;0.701557
../instances/ORTEC-VRPTW-ASYM-6d6b508e-d1-n413-k35.txt;0;210028;2.80211
../instances/ORTEC-VRPTW-ASYM-6d6b508e-d1-n413-k35.txt;0;209861;2.85095
../instances/ORTEC-VRPTW-ASYM-6d6b508e-d1-n413-k35.txt;0;208524;3.26649
../instances/ORTEC-VRPTW-ASYM-6d6b508e-d1-n413-k35.txt;0;207358;3.3119
../instances/ORTEC-VRPTW-ASYM-6d6b508e-d1-n413-k35.txt;0;206096;3.78713
../instances/ORTEC-VRPTW-ASYM-6d6b508e-d1-n413-k35.txt;0;205657;4.1623
../instances/ORTEC-VRPTW-ASYM-6d6b508e-d1-n413-k35.txt;0;204692;4.63461
../instances/ORTEC-VRPTW-ASYM-6d6b508e-d1-n413-k35.txt;0;203329;4.87892
../instances/ORTEC-VRPTW-ASYM-6d6b508e-d1-n413-k35.txt;0;203273;5.17553
../instances/ORTEC-VRPTW-ASYM-6d6b508e-d1-n413-k35.txt;0;202403;6.2924
../instances/ORTEC-VRPTW-ASYM-6d6b508e-d1-n413-k35.txt;0;201986;6.73628
../instances/ORTEC-VRPTW-ASYM-6d6b508e-d1-n413-k35.txt;0;201861;7.3003
../instances/ORTEC-VRPTW-ASYM-6d6b508e-d1-n413-k35.txt;0;200914;8.00242
../instances/ORTEC-VRPTW-ASYM-6d6b508e-d1-n413-k35.txt;0;200515;9.01331
../instances/ORTEC-VRPTW-ASYM-6d6b508e-d1-n413-k35.txt;0;200160;11.3774
../instances/ORTEC-VRPTW-ASYM-6d6b508e-d1-n413-k35.txt;0;199720;11.4279
../instances/ORTEC-VRPTW-ASYM-6d6b508e-d1-n413-k35.txt;0;199475;11.8876
../instances/ORTEC-VRPTW-ASYM-6d6b508e-d1-n413-k35.txt;0;197458;12.1503
../instances/ORTEC-VRPTW-ASYM-6d6b508e-d1-n413-k35.txt;0;197392;14.7255
../instances/ORTEC-VRPTW-ASYM-6d6b508e-d1-n413-k35.txt;0;197173;16.4539
../instances/ORTEC-VRPTW-ASYM-6d6b508e-d1-n413-k35.txt;0;197091;17.1814
../instances/ORTEC-VRPTW-ASYM-6d6b508e-d1-n413-k35.txt;0;196413;19.1196
../instances/ORTEC-VRPTW-ASYM-6d6b508e-d1-n413-k35.txt;0;196282;20.9096
../instances/ORTEC-VRPTW-ASYM-6d6b508e-d1-n413-k35.txt;0;195855;21.2483
../instances/ORTEC-VRPTW-ASYM-6d6b508e-d1-n413-k35.txt;0;194002;25.6682
../instances/ORTEC-VRPTW-ASYM-6d6b508e-d1-n413-k35.txt;0;193670;38.1988
../instances/ORTEC-VRPTW-ASYM-6d6b508e-d1-n413-k35.txt;0;193603;39.3515
../instances/ORTEC-VRPTW-ASYM-6d6b508e-d1-n413-k35.txt;0;193499;41.2304
../instances/ORTEC-VRPTW-ASYM-6d6b508e-d1-n413-k35.txt;0;193363;43.5706
../instances/ORTEC-VRPTW-ASYM-6d6b508e-d1-n413-k35.txt;0;192389;46.0135
../instances/ORTEC-VRPTW-ASYM-6d6b508e-d1-n413-k35.txt;0;191799;49.8692
../instances/ORTEC-VRPTW-ASYM-6d6b508e-d1-n413-k35.txt;0;191548;51.1068
../instances/ORTEC-VRPTW-ASYM-6d6b508e-d1-n413-k35.txt;0;191232;52.5563
../instances/ORTEC-VRPTW-ASYM-6d6b508e-d1-n413-k35.txt;0;190876;55.3211
../instances/ORTEC-VRPTW-ASYM-6d6b508e-d1-n413-k35.txt;0;190665;55.8581
../instances/ORTEC-VRPTW-ASYM-6d6b508e-d1-n413-k35.txt;0;190561;57.7388
../instances/ORTEC-VRPTW-ASYM-6d6b508e-d1-n413-k35.txt;0;190452;59.307
../instances/ORTEC-VRPTW-ASYM-6d6b508e-d1-n413-k35.txt;0;190413;65.9132
../instances/ORTEC-VRPTW-ASYM-6d6b508e-d1-n413-k35.txt;0;190336;66.3471
../instances/ORTEC-VRPTW-ASYM-6d6b508e-d1-n413-k35.txt;0;190300;68.7756
../instances/ORTEC-VRPTW-ASYM-6d6b508e-d1-n413-k35.txt;0;190162;71.4236
../instances/ORTEC-VRPTW-ASYM-6d6b508e-d1-n413-k35.txt;0;190151;72.3878
../instances/ORTEC-VRPTW-ASYM-6d6b508e-d1-n413-k35.txt;0;190027;73.3422
../instances/ORTEC-VRPTW-ASYM-6d6b508e-d1-n413-k35.txt;0;189815;73.5351
../instances/ORTEC-VRPTW-ASYM-6d6b508e-d1-n413-k35.txt;0;189580;74.5077
../instances/ORTEC-VRPTW-ASYM-6d6b508e-d1-n413-k35.txt;0;189107;83.5882
../instances/ORTEC-VRPTW-ASYM-6d6b508e-d1-n413-k35.txt;0;189035;87.2891
../instances/ORTEC-VRPTW-ASYM-6d6b508e-d1-n413-k35.txt;0;188972;89.2747
../instances/ORTEC-VRPTW-ASYM-6d6b508e-d1-n413-k35.txt;0;188963;89.2784
../instances/ORTEC-VRPTW-ASYM-6d6b508e-d1-n413-k35.txt;0;188955;89.9714
../instances/ORTEC-VRPTW-ASYM-6d6b508e-d1-n413-k35.txt;0;188913;89.9803
../instances/ORTEC-VRPTW-ASYM-6d6b508e-d1-n413-k35.txt;0;188907;90.4228
../instances/ORTEC-VRPTW-ASYM-6d6b508e-d1-n413-k35.txt;0;188892;90.4779
../instances/ORTEC-VRPTW-ASYM-6d6b508e-d1-n413-k35.txt;0;188849;92.1637
../instances/ORTEC-VRPTW-ASYM-6d6b508e-d1-n413-k35.txt;0;188847;92.4201
../instances/ORTEC-VRPTW-ASYM-6d6b508e-d1-n413-k35.txt;0;188838;93.3034
../instances/ORTEC-VRPTW-ASYM-6d6b508e-d1-n413-k35.txt;0;188741;94.2246
../instances/ORTEC-VRPTW-ASYM-6d6b508e-d1-n413-k35.txt;0;188697;101.916
../instances/ORTEC-VRPTW-ASYM-6d6b508e-d1-n413-k35.txt;0;188606;106.523
../instances/ORTEC-VRPTW-ASYM-6d6b508e-d1-n413-k35.txt;0;188579;106.884
../instances/ORTEC-VRPTW-ASYM-6d6b508e-d1-n413-k35.txt;0;188535;106.905
../instances/ORTEC-VRPTW-ASYM-6d6b508e-d1-n413-k35.txt;0;188503;106.989
../instances/ORTEC-VRPTW-ASYM-6d6b508e-d1-n413-k35.txt;0;188438;109.383
../instances/ORTEC-VRPTW-ASYM-6d6b508e-d1-n413-k35.txt;0;188421;109.472
../instances/ORTEC-VRPTW-ASYM-6d6b508e-d1-n413-k35.txt;0;188410;110.189
../instances/ORTEC-VRPTW-ASYM-6d6b508e-d1-n413-k35.txt;0;188403;188.746
../instances/ORTEC-VRPTW-ASYM-6d6b508e-d1-n413-k35.txt;0;188391;243.528
../instances/ORTEC-VRPTW-ASYM-6d6b508e-d1-n413-k35.txt;0;188374;250.344
../instances/ORTEC-VRPTW-ASYM-6d6b508e-d1-n413-k35.txt;0;188367;252.128
../instances/ORTEC-VRPTW-ASYM-6d6b508e-d1-n413-k35.txt;0;188364;267.688
../instances/ORTEC-VRPTW-ASYM-6d6b508e-d1-n413-k35.txt;0;188354;283.752
