../instances/ORTEC-VRPTW-ASYM-6563cca6-d1-n381-k28.txt;0;153062;0.073083
../instances/ORTEC-VRPTW-ASYM-6563cca6-d1-n381-k28.txt;0;150619;0.25548
../instances/ORTEC-VRPTW-ASYM-6563cca6-d1-n381-k28.txt;0;149886;0.968702
../instances/ORTEC-VRPTW-ASYM-6563cca6-d1-n381-k28.txt;0;149843;1.10627
../instances/ORTEC-VRPTW-ASYM-6563cca6-d1-n381-k28.txt;0;148700;1.19913
../instances/ORTEC-VRPTW-ASYM-6563cca6-d1-n381-k28.txt;0;144458;1.43298
../instances/ORTEC-VRPTW-ASYM-6563cca6-d1-n381-k28.txt;0;144112;2.15835
../instances/ORTEC-VRPTW-ASYM-6563cca6-d1-n381-k28.txt;0;140981;2.24266
../instances/ORTEC-VRPTW-ASYM-6563cca6-d1-n381-k28.txt;0;139591;2.34424
../instances/ORTEC-VRPTW-ASYM-6563cca6-d1-n381-k28.txt;0;138434;2.45892
../instances/ORTEC-VRPTW-ASYM-6563cca6-d1-n381-k28.txt;0;138315;2.83119
../instances/ORTEC-VRPTW-ASYM-6563cca6-d1-n381-k28.txt;0;138156;3.72851
../instances/ORTEC-VRPTW-ASYM-6563cca6-d1-n381-k28.txt;0;137733;4.00035
../instances/ORTEC-VRPTW-ASYM-6563cca6-d1-n381-k28.txt;0;137392;4.33322
../instances/ORTEC-VRPTW-ASYM-6563cca6-d1-n381-k28.txt;0;137016;4.61163
../instances/ORTEC-VRPTW-ASYM-6563cca6-d1-n381-k28.txt;0;136821;5.5163
../instances/ORTEC-VRPTW-ASYM-6563cca6-d1-n381-k28.txt;0;135978;5.83572
../instances/ORTEC-VRPTW-ASYM-6563cca6-d1-n381-k28.txt;0;135596;6.2596
../instances/ORTEC-VRPTW-ASYM-6563cca6-d1-n381-k28.txt;0;134976;7.77756
../instances/ORTEC-VRPTW-ASYM-6563cca6-d1-n381-k28.txt;0;134778;8.48605
../instances/ORTEC-VRPTW-ASYM-6563cca6-d1-n381-k28.txt;0;133729;9.40504
../instances/ORTEC-VRPTW-ASYM-6563cca6-d1-n381-k28.txt;0;133301;10.9959
../instances/ORTEC-VRPTW-ASYM-6563cca6-d1-n381-k28.txt;0;133226;15.6932
../instances/ORTEC-VRPTW-ASYM-6563cca6-d1-n381-k28.txt;0;133086;20.5659
../instances/ORTEC-VRPTW-ASYM-6563cca6-d1-n381-k28.txt;0;132988;20.8213
../instances/ORTEC-VRPTW-ASYM-6563cca6-d1-n381-k28.txt;0;132559;22.1134
../instances/ORTEC-VRPTW-ASYM-6563cca6-d1-n381-k28.txt;0;132402;24.075
../instances/ORTEC-VRPTW-ASYM-6563cca6-d1-n381-k28.txt;0;132026;24.9181
../instances/ORTEC-VRPTW-ASYM-6563cca6-d1-n381-k28.txt;0;131989;25.4767
../instances/ORTEC-VRPTW-ASYM-6563cca6-d1-n381-k28.txt;0;131743;26.3148
../instances/ORTEC-VRPTW-ASYM-6563cca6-d1-n381-k28.txt;0;131702;29.7591
../instances/ORTEC-VRPTW-ASYM-6563cca6-d1-n381-k28.txt;0;131080;31.3914
../instances/ORTEC-VRPTW-ASYM-6563cca6-d1-n381-k28.txt;0;130750;32.3655
../instances/ORTEC-VRPTW-ASYM-6563cca6-d1-n381-k28.txt;0;130693;35.7591
../instances/ORTEC-VRPTW-ASYM-6563cca6-d1-n381-k28.txt;0;130630;37.3144
../instances/ORTEC-VRPTW-ASYM-6563cca6-d1-n381-k28.txt;0;130623;39.4541
../instances/ORTEC-VRPTW-ASYM-6563cca6-d1-n381-k28.txt;0;130615;40.2229
../instances/ORTEC-VRPTW-ASYM-6563cca6-d1-n381-k28.txt;0;130596;41.6416
../instances/ORTEC-VRPTW-ASYM-6563cca6-d1-n381-k28.txt;0;130538;42.1251
../instances/ORTEC-VRPTW-ASYM-6563cca6-d1-n381-k28.txt;0;130425;42.3186
../instances/ORTEC-VRPTW-ASYM-6563cca6-d1-n381-k28.txt;0;130406;44.3656
../instances/ORTEC-VRPTW-ASYM-6563cca6-d1-n381-k28.txt;0;130378;45.9369
../instances/ORTEC-VRPTW-ASYM-6563cca6-d1-n381-k28.txt;0;130359;46.8705
../instances/ORTEC-VRPTW-ASYM-6563cca6-d1-n381-k28.txt;0;130165;47.1221
../instances/ORTEC-VRPTW-ASYM-6563cca6-d1-n381-k28.txt;0;130080;54.5757
../instances/ORTEC-VRPTW-ASYM-6563cca6-d1-n381-k28.txt;0;130018;55.5548
../instances/ORTEC-VRPTW-ASYM-6563cca6-d1-n381-k28.txt;0;129992;55.6395
../instances/ORTEC-VRPTW-ASYM-6563cca6-d1-n381-k28.txt;0;129964;56.5909
../instances/ORTEC-VRPTW-ASYM-6563cca6-d1-n381-k28.txt;0;129948;59.3364
../instances/ORTEC-VRPTW-ASYM-6563cca6-d1-n381-k28.txt;0;129933;64.8852
../instances/ORTEC-VRPTW-ASYM-6563cca6-d1-n381-k28.txt;0;129909;71.5655
../instances/ORTEC-VRPTW-ASYM-6563cca6-d1-n381-k28.txt;0;129859;74.8941
../instances/ORTEC-VRPTW-ASYM-6563cca6-d1-n381-k28.txt;0;129822;75.4569
../instances/ORTEC-VRPTW-ASYM-6563cca6-d1-n381-k28.txt;0;129784;76.673
../instances/ORTEC-VRPTW-ASYM-6563cca6-d1-n381-k28.txt;0;129758;77.3511
../instances/ORTEC-VRPTW-ASYM-6563cca6-d1-n381-k28.txt;0;129755;80.6664
../instances/ORTEC-VRPTW-ASYM-6563cca6-d1-n381-k28.txt;0;129748;87.4952
../instances/ORTEC-VRPTW-ASYM-6563cca6-d1-n381-k28.txt;0;129740;89.1075
../instances/ORTEC-VRPTW-ASYM-6563cca6-d1-n381-k28.txt;0;129727;90.7527
../instances/ORTEC-VRPTW-ASYM-6563cca6-d1-n381-k28.txt;0;129720;93.6512
../instances/ORTEC-VRPTW-ASYM-6563cca6-d1-n381-k28.txt;0;129677;97.1351
../instances/ORTEC-VRPTW-ASYM-6563cca6-d1-n381-k28.txt;0;129573;108.228
../instances/ORTEC-VRPTW-ASYM-6563cca6-d1-n381-k28.txt;0;129544;124.765
../instances/ORTEC-VRPTW-ASYM-6563cca6-d1-n381-k28.txt;0;129532;145.467
