../instances/ORTEC-VRPTW-ASYM-3eea4ee3-d1-n382-k23.txt;0;238309;0.077588
../instances/ORTEC-VRPTW-ASYM-3eea4ee3-d1-n382-k23.txt;0;232722;0.225549
../instances/ORTEC-VRPTW-ASYM-3eea4ee3-d1-n382-k23.txt;0;230478;2.47087
../instances/ORTEC-VRPTW-ASYM-3eea4ee3-d1-n382-k23.txt;0;229991;2.76868
../instances/ORTEC-VRPTW-ASYM-3eea4ee3-d1-n382-k23.txt;0;228025;2.8959
../instances/ORTEC-VRPTW-ASYM-3eea4ee3-d1-n382-k23.txt;0;225882;3.06897
../instances/ORTEC-VRPTW-ASYM-3eea4ee3-d1-n382-k23.txt;0;225647;4.1906
../instances/ORTEC-VRPTW-ASYM-3eea4ee3-d1-n382-k23.txt;0;225369;4.49017
../instances/ORTEC-VRPTW-ASYM-3eea4ee3-d1-n382-k23.txt;0;223639;4.78707
../instances/ORTEC-VRPTW-ASYM-3eea4ee3-d1-n382-k23.txt;0;223078;5.75242
../instances/ORTEC-VRPTW-ASYM-3eea4ee3-d1-n382-k23.txt;0;223020;7.4339
../instances/ORTEC-VRPTW-ASYM-3eea4ee3-d1-n382-k23.txt;0;222789;7.53646
../instances/ORTEC-VRPTW-ASYM-3eea4ee3-d1-n382-k23.txt;0;222463;7.77912
../instances/ORTEC-VRPTW-ASYM-3eea4ee3-d1-n382-k23.txt;0;221752;9.09843
../instances/ORTEC-VRPTW-ASYM-3eea4ee3-d1-n382-k23.txt;0;221609;9.5313
../instances/ORTEC-VRPTW-ASYM-3eea4ee3-d1-n382-k23.txt;0;221488;10.0115
../instances/ORTEC-VRPTW-ASYM-3eea4ee3-d1-n382-k23.txt;0;221153;10.6319
../instances/ORTEC-VRPTW-ASYM-3eea4ee3-d1-n382-k23.txt;0;221126;11.4326
../instances/ORTEC-VRPTW-ASYM-3eea4ee3-d1-n382-k23.txt;0;219977;12.7031
../instances/ORTEC-VRPTW-ASYM-3eea4ee3-d1-n382-k23.txt;0;219976;14.1316
../instances/ORTEC-VRPTW-ASYM-3eea4ee3-d1-n382-k23.txt;0;219486;15.2167
../instances/ORTEC-VRPTW-ASYM-3eea4ee3-d1-n382-k23.txt;0;218776;15.8642
../instances/ORTEC-VRPTW-ASYM-3eea4ee3-d1-n382-k23.txt;0;218492;18.7574
../instances/ORTEC-VRPTW-ASYM-3eea4ee3-d1-n382-k23.txt;0;218151;18.8944
../instances/ORTEC-VRPTW-ASYM-3eea4ee3-d1-n382-k23.txt;0;217879;20.3273
../instances/ORTEC-VRPTW-ASYM-3eea4ee3-d1-n382-k23.txt;0;217754;20.4151
../instances/ORTEC-VRPTW-ASYM-3eea4ee3-d1-n382-k23.txt;0;217522;21.2636
../instances/ORTEC-VRPTW-ASYM-3eea4ee3-d1-n382-k23.txt;0;217229;21.6078
../instances/ORTEC-VRPTW-ASYM-3eea4ee3-d1-n382-k23.txt;0;217203;25.581
../instances/ORTEC-VRPTW-ASYM-3eea4ee3-d1-n382-k23.txt;0;217034;26.1271
../instances/ORTEC-VRPTW-ASYM-3eea4ee3-d1-n382-k23.txt;0;216967;26.5643
../instances/ORTEC-VRPTW-ASYM-3eea4ee3-d1-n382-k23.txt;0;216757;26.5971
../instances/ORTEC-VRPTW-ASYM-3eea4ee3-d1-n382-k23.txt;0;216462;28.2411
../instances/ORTEC-VRPTW-ASYM-3eea4ee3-d1-n382-k23.txt;0;216435;29.0518
../instances/ORTEC-VRPTW-ASYM-3eea4ee3-d1-n382-k23.txt;0;216418;30.0656
../instances/ORTEC-VRPTW-ASYM-3eea4ee3-d1-n382-k23.txt;0;216168;30.1363
../instances/ORTEC-VRPTW-ASYM-3eea4ee3-d1-n382-k23.txt;0;216129;31.4002
../instances/ORTEC-VRPTW-ASYM-3eea4ee3-d1-n382-k23.txt;0;215998;32.1594
../instances/ORTEC-VRPTW-ASYM-3eea4ee3-d1-n382-k23.txt;0;215982;35.0705
../instances/ORTEC-VRPTW-ASYM-3eea4ee3-d1-n382-k23.txt;0;215877;35.1515
../instances/ORTEC-VRPTW-ASYM-3eea4ee3-d1-n382-k23.txt;0;215854;36.285
../instances/ORTEC-VRPTW-ASYM-3eea4ee3-d1-n382-k23.txt;0;215751;36.737
../instances/ORTEC-VRPTW-ASYM-3eea4ee3-d1-n382-k23.txt;0;215595;37.0924
../instances/ORTEC-VRPTW-ASYM-3eea4ee3-d1-n382-k23.txt;0;215462;37.7202
../instances/ORTEC-VRPTW-ASYM-3eea4ee3-d1-n382-k23.txt;0;215448;39.2654
../instances/ORTEC-VRPTW-ASYM-3eea4ee3-d1-n382-k23.txt;0;215385;40.2687
../instances/ORTEC-VRPTW-ASYM-3eea4ee3-d1-n382-k23.txt;0;215269;40.9765
../instances/ORTEC-VRPTW-ASYM-3eea4ee3-d1-n382-k23.txt;0;215255;41.599
../instances/ORTEC-VRPTW-ASYM-3eea4ee3-d1-n382-k23.txt;0;215140;43.0895
../instances/ORTEC-VRPTW-ASYM-3eea4ee3-d1-n382-k23.txt;0;215131;44.0605
../instances/ORTEC-VRPTW-ASYM-3eea4ee3-d1-n382-k23.txt;0;215119;45.5302
../instances/ORTEC-VRPTW-ASYM-3eea4ee3-d1-n382-k23.txt;0;215117;48.1481
../instances/ORTEC-VRPTW-ASYM-3eea4ee3-d1-n382-k23.txt;0;215067;55.6394
../instances/ORTEC-VRPTW-ASYM-3eea4ee3-d1-n382-k23.txt;0;215062;58.4257
../instances/ORTEC-VRPTW-ASYM-3eea4ee3-d1-n382-k23.txt;0;215043;66.4594
../instances/ORTEC-VRPTW-ASYM-3eea4ee3-d1-n382-k23.txt;0;215033;67.9758
../instances/ORTEC-VRPTW-ASYM-3eea4ee3-d1-n382-k23.txt;0;215010;71.4211
../instances/ORTEC-VRPTW-ASYM-3eea4ee3-d1-n382-k23.txt;0;214810;72.1073
../instances/ORTEC-VRPTW-ASYM-3eea4ee3-d1-n382-k23.txt;0;214784;72.1916
../instances/ORTEC-VRPTW-ASYM-3eea4ee3-d1-n382-k23.txt;0;214666;72.329
../instances/ORTEC-VRPTW-ASYM-3eea4ee3-d1-n382-k23.txt;0;214616;74.612
../instances/ORTEC-VRPTW-ASYM-3eea4ee3-d1-n382-k23.txt;0;214601;84.5963
../instances/ORTEC-VRPTW-ASYM-3eea4ee3-d1-n382-k23.txt;0;214589;89.6858
../instances/ORTEC-VRPTW-ASYM-3eea4ee3-d1-n382-k23.txt;0;214533;103.751
../instances/ORTEC-VRPTW-ASYM-3eea4ee3-d1-n382-k23.txt;0;214294;107.048
../instances/ORTEC-VRPTW-ASYM-3eea4ee3-d1-n382-k23.txt;0;214238;127.966
../instances/ORTEC-VRPTW-ASYM-3eea4ee3-d1-n382-k23.txt;0;214223;186.632
../instances/ORTEC-VRPTW-ASYM-3eea4ee3-d1-n382-k23.txt;0;214211;188.505
