./instances/ORTEC-VRPTW-ASYM-ce78488d-d1-n332-k30.txt;0;168528;0.068719
./instances/ORTEC-VRPTW-ASYM-ce78488d-d1-n332-k30.txt;0;165789;0.121831
./instances/ORTEC-VRPTW-ASYM-ce78488d-d1-n332-k30.txt;0;164257;0.236357
./instances/ORTEC-VRPTW-ASYM-ce78488d-d1-n332-k30.txt;0;163493;1.04037
./instances/ORTEC-VRPTW-ASYM-ce78488d-d1-n332-k30.txt;0;162258;2.128
./instances/ORTEC-VRPTW-ASYM-ce78488d-d1-n332-k30.txt;0;161085;2.29234
./instances/ORTEC-VRPTW-ASYM-ce78488d-d1-n332-k30.txt;0;159228;2.33966
./instances/ORTEC-VRPTW-ASYM-ce78488d-d1-n332-k30.txt;0;159181;2.34644
./instances/ORTEC-VRPTW-ASYM-ce78488d-d1-n332-k30.txt;0;158707;2.58852
./instances/ORTEC-VRPTW-ASYM-ce78488d-d1-n332-k30.txt;0;156116;2.70023
./instances/ORTEC-VRPTW-ASYM-ce78488d-d1-n332-k30.txt;0;155834;3.88525
./instances/ORTEC-VRPTW-ASYM-ce78488d-d1-n332-k30.txt;0;155329;4.83807
./instances/ORTEC-VRPTW-ASYM-ce78488d-d1-n332-k30.txt;0;155196;5.24446
./instances/ORTEC-VRPTW-ASYM-ce78488d-d1-n332-k30.txt;0;154526;5.92065
./instances/ORTEC-VRPTW-ASYM-ce78488d-d1-n332-k30.txt;0;154518;6.0426
./instances/ORTEC-VRPTW-ASYM-ce78488d-d1-n332-k30.txt;0;154053;6.2102
./instances/ORTEC-VRPTW-ASYM-ce78488d-d1-n332-k30.txt;0;153796;6.97514
./instances/ORTEC-VRPTW-ASYM-ce78488d-d1-n332-k30.txt;0;153407;7.15398
./instances/ORTEC-VRPTW-ASYM-ce78488d-d1-n332-k30.txt;0;152543;7.48119
./instances/ORTEC-VRPTW-ASYM-ce78488d-d1-n332-k30.txt;0;152150;7.95222
./instances/ORTEC-VRPTW-ASYM-ce78488d-d1-n332-k30.txt;0;151880;9.38657
./instances/ORTEC-VRPTW-ASYM-ce78488d-d1-n332-k30.txt;0;151724;9.85881
./instances/ORTEC-VRPTW-ASYM-ce78488d-d1-n332-k30.txt;0;151658;10.0578
./instances/ORTEC-VRPTW-ASYM-ce78488d-d1-n332-k30.txt;0;151408;10.8853
./instances/ORTEC-VRPTW-ASYM-ce78488d-d1-n332-k30.txt;0;151379;11.094
./instances/ORTEC-VRPTW-ASYM-ce78488d-d1-n332-k30.txt;0;151116;11.1502
./instances/ORTEC-VRPTW-ASYM-ce78488d-d1-n332-k30.txt;0;151049;12.9309
./instances/ORTEC-VRPTW-ASYM-ce78488d-d1-n332-k30.txt;0;150675;13.4003
./instances/ORTEC-VRPTW-ASYM-ce78488d-d1-n332-k30.txt;0;150378;15.0112
./instances/ORTEC-VRPTW-ASYM-ce78488d-d1-n332-k30.txt;0;149660;15.3153
./instances/ORTEC-VRPTW-ASYM-ce78488d-d1-n332-k30.txt;0;149451;20.1376
./instances/ORTEC-VRPTW-ASYM-ce78488d-d1-n332-k30.txt;0;149305;24.5295
./instances/ORTEC-VRPTW-ASYM-ce78488d-d1-n332-k30.txt;0;149184;25.3978
./instances/ORTEC-VRPTW-ASYM-ce78488d-d1-n332-k30.txt;0;148714;29.5909
./instances/ORTEC-VRPTW-ASYM-ce78488d-d1-n332-k30.txt;0;148678;31.0738
./instances/ORTEC-VRPTW-ASYM-ce78488d-d1-n332-k30.txt;0;148648;32.4256
./instances/ORTEC-VRPTW-ASYM-ce78488d-d1-n332-k30.txt;0;148345;33.0489
./instances/ORTEC-VRPTW-ASYM-ce78488d-d1-n332-k30.txt;0;148301;41.1885
./instances/ORTEC-VRPTW-ASYM-ce78488d-d1-n332-k30.txt;0;148199;41.5212
./instances/ORTEC-VRPTW-ASYM-ce78488d-d1-n332-k30.txt;0;148154;44.5753
./instances/ORTEC-VRPTW-ASYM-ce78488d-d1-n332-k30.txt;0;148104;45.3229
./instances/ORTEC-VRPTW-ASYM-ce78488d-d1-n332-k30.txt;0;147830;47.2242
./instances/ORTEC-VRPTW-ASYM-ce78488d-d1-n332-k30.txt;0;147828;49.1142
./instances/ORTEC-VRPTW-ASYM-ce78488d-d1-n332-k30.txt;0;147757;50.0871
./instances/ORTEC-VRPTW-ASYM-ce78488d-d1-n332-k30.txt;0;147746;50.5623
./instances/ORTEC-VRPTW-ASYM-ce78488d-d1-n332-k30.txt;0;147667;50.5935
./instances/ORTEC-VRPTW-ASYM-ce78488d-d1-n332-k30.txt;0;147655;51.6989
./instances/ORTEC-VRPTW-ASYM-ce78488d-d1-n332-k30.txt;0;147386;52.6799
./instances/ORTEC-VRPTW-ASYM-ce78488d-d1-n332-k30.txt;0;147250;54.4236
./instances/ORTEC-VRPTW-ASYM-ce78488d-d1-n332-k30.txt;0;147136;56.2112
./instances/ORTEC-VRPTW-ASYM-ce78488d-d1-n332-k30.txt;0;146995;56.2649
./instances/ORTEC-VRPTW-ASYM-ce78488d-d1-n332-k30.txt;0;146927;57.5346
./instances/ORTEC-VRPTW-ASYM-ce78488d-d1-n332-k30.txt;0;146882;57.7137
./instances/ORTEC-VRPTW-ASYM-ce78488d-d1-n332-k30.txt;0;146879;57.771
./instances/ORTEC-VRPTW-ASYM-ce78488d-d1-n332-k30.txt;0;146762;57.9409
./instances/ORTEC-VRPTW-ASYM-ce78488d-d1-n332-k30.txt;0;146723;60.2335
./instances/ORTEC-VRPTW-ASYM-ce78488d-d1-n332-k30.txt;0;146584;61.9208
./instances/ORTEC-VRPTW-ASYM-ce78488d-d1-n332-k30.txt;0;146530;64.1191
./instances/ORTEC-VRPTW-ASYM-ce78488d-d1-n332-k30.txt;0;146494;65.9182
./instances/ORTEC-VRPTW-ASYM-ce78488d-d1-n332-k30.txt;0;146486;68.226
./instances/ORTEC-VRPTW-ASYM-ce78488d-d1-n332-k30.txt;0;146481;69.0651
./instances/ORTEC-VRPTW-ASYM-ce78488d-d1-n332-k30.txt;0;146439;69.5677
./instances/ORTEC-VRPTW-ASYM-ce78488d-d1-n332-k30.txt;0;146416;71.9343
./instances/ORTEC-VRPTW-ASYM-ce78488d-d1-n332-k30.txt;0;146365;72.0806
./instances/ORTEC-VRPTW-ASYM-ce78488d-d1-n332-k30.txt;0;146362;73.1164
./instances/ORTEC-VRPTW-ASYM-ce78488d-d1-n332-k30.txt;0;146341;76.4292
./instances/ORTEC-VRPTW-ASYM-ce78488d-d1-n332-k30.txt;0;146255;90.8534
./instances/ORTEC-VRPTW-ASYM-ce78488d-d1-n332-k30.txt;0;146121;96.3651
./instances/ORTEC-VRPTW-ASYM-ce78488d-d1-n332-k30.txt;0;146008;97.2275
./instances/ORTEC-VRPTW-ASYM-ce78488d-d1-n332-k30.txt;0;145948;100.69
./instances/ORTEC-VRPTW-ASYM-ce78488d-d1-n332-k30.txt;0;145928;101.229
./instances/ORTEC-VRPTW-ASYM-ce78488d-d1-n332-k30.txt;0;145915;106.28
./instances/ORTEC-VRPTW-ASYM-ce78488d-d1-n332-k30.txt;0;145883;111.799
./instances/ORTEC-VRPTW-ASYM-ce78488d-d1-n332-k30.txt;0;145869;112.909
./instances/ORTEC-VRPTW-ASYM-ce78488d-d1-n332-k30.txt;0;145866;115.859
./instances/ORTEC-VRPTW-ASYM-ce78488d-d1-n332-k30.txt;0;145792;117.473
./instances/ORTEC-VRPTW-ASYM-ce78488d-d1-n332-k30.txt;0;145777;119.181
./instances/ORTEC-VRPTW-ASYM-ce78488d-d1-n332-k30.txt;0;145763;119.776
./instances/ORTEC-VRPTW-ASYM-ce78488d-d1-n332-k30.txt;0;145673;120.259
./instances/ORTEC-VRPTW-ASYM-ce78488d-d1-n332-k30.txt;0;145604;120.714
./instances/ORTEC-VRPTW-ASYM-ce78488d-d1-n332-k30.txt;0;145553;121.829
./instances/ORTEC-VRPTW-ASYM-ce78488d-d1-n332-k30.txt;0;145512;122.391
./instances/ORTEC-VRPTW-ASYM-ce78488d-d1-n332-k30.txt;0;145354;122.71
./instances/ORTEC-VRPTW-ASYM-ce78488d-d1-n332-k30.txt;0;145302;128.472
./instances/ORTEC-VRPTW-ASYM-ce78488d-d1-n332-k30.txt;0;145218;131.817
