./instances/ORTEC-VRPTW-ASYM-1bc16246-d1-n503-k43.txt;0;279825;0.093992
./instances/ORTEC-VRPTW-ASYM-1bc16246-d1-n503-k43.txt;0;271683;0.232832
./instances/ORTEC-VRPTW-ASYM-1bc16246-d1-n503-k43.txt;0;270286;3.28211
./instances/ORTEC-VRPTW-ASYM-1bc16246-d1-n503-k43.txt;0;270231;3.50096
./instances/ORTEC-VRPTW-ASYM-1bc16246-d1-n503-k43.txt;0;268910;3.75925
./instances/ORTEC-VRPTW-ASYM-1bc16246-d1-n503-k43.txt;0;268279;3.79696
./instances/ORTEC-VRPTW-ASYM-1bc16246-d1-n503-k43.txt;0;264798;3.82717
./instances/ORTEC-VRPTW-ASYM-1bc16246-d1-n503-k43.txt;0;264302;4.77751
./instances/ORTEC-VRPTW-ASYM-1bc16246-d1-n503-k43.txt;0;259327;4.78478
./instances/ORTEC-VRPTW-ASYM-1bc16246-d1-n503-k43.txt;0;258999;5.0336
./instances/ORTEC-VRPTW-ASYM-1bc16246-d1-n503-k43.txt;0;257445;5.20699
./instances/ORTEC-VRPTW-ASYM-1bc16246-d1-n503-k43.txt;0;256301;6.60795
./instances/ORTEC-VRPTW-ASYM-1bc16246-d1-n503-k43.txt;0;256224;6.93899
./instances/ORTEC-VRPTW-ASYM-1bc16246-d1-n503-k43.txt;0;255113;7.46166
./instances/ORTEC-VRPTW-ASYM-1bc16246-d1-n503-k43.txt;0;254145;7.78146
./instances/ORTEC-VRPTW-ASYM-1bc16246-d1-n503-k43.txt;0;253434;8.29644
./instances/ORTEC-VRPTW-ASYM-1bc16246-d1-n503-k43.txt;0;252667;9.62482
./instances/ORTEC-VRPTW-ASYM-1bc16246-d1-n503-k43.txt;0;252389;12.6484
./instances/ORTEC-VRPTW-ASYM-1bc16246-d1-n503-k43.txt;0;250604;12.8948
./instances/ORTEC-VRPTW-ASYM-1bc16246-d1-n503-k43.txt;0;250220;14.1649
./instances/ORTEC-VRPTW-ASYM-1bc16246-d1-n503-k43.txt;0;249488;15.5675
./instances/ORTEC-VRPTW-ASYM-1bc16246-d1-n503-k43.txt;0;249239;16.1898
./instances/ORTEC-VRPTW-ASYM-1bc16246-d1-n503-k43.txt;0;248671;16.6349
./instances/ORTEC-VRPTW-ASYM-1bc16246-d1-n503-k43.txt;0;248451;17.2675
./instances/ORTEC-VRPTW-ASYM-1bc16246-d1-n503-k43.txt;0;248039;18.3909
./instances/ORTEC-VRPTW-ASYM-1bc16246-d1-n503-k43.txt;0;247991;18.5234
./instances/ORTEC-VRPTW-ASYM-1bc16246-d1-n503-k43.txt;0;247648;18.8481
./instances/ORTEC-VRPTW-ASYM-1bc16246-d1-n503-k43.txt;0;247631;21.526
./instances/ORTEC-VRPTW-ASYM-1bc16246-d1-n503-k43.txt;0;247254;21.9528
./instances/ORTEC-VRPTW-ASYM-1bc16246-d1-n503-k43.txt;0;247251;23.4734
./instances/ORTEC-VRPTW-ASYM-1bc16246-d1-n503-k43.txt;0;246357;24.1049
./instances/ORTEC-VRPTW-ASYM-1bc16246-d1-n503-k43.txt;0;246081;24.6536
./instances/ORTEC-VRPTW-ASYM-1bc16246-d1-n503-k43.txt;0;246055;28.0561
./instances/ORTEC-VRPTW-ASYM-1bc16246-d1-n503-k43.txt;0;245953;28.1052
./instances/ORTEC-VRPTW-ASYM-1bc16246-d1-n503-k43.txt;0;245698;28.6486
./instances/ORTEC-VRPTW-ASYM-1bc16246-d1-n503-k43.txt;0;244991;31.0127
./instances/ORTEC-VRPTW-ASYM-1bc16246-d1-n503-k43.txt;0;244815;34.2874
./instances/ORTEC-VRPTW-ASYM-1bc16246-d1-n503-k43.txt;0;244775;35.2842
./instances/ORTEC-VRPTW-ASYM-1bc16246-d1-n503-k43.txt;0;244704;35.4472
./instances/ORTEC-VRPTW-ASYM-1bc16246-d1-n503-k43.txt;0;244628;38.4756
./instances/ORTEC-VRPTW-ASYM-1bc16246-d1-n503-k43.txt;0;244627;38.5035
./instances/ORTEC-VRPTW-ASYM-1bc16246-d1-n503-k43.txt;0;244556;38.6022
./instances/ORTEC-VRPTW-ASYM-1bc16246-d1-n503-k43.txt;0;244414;38.866
./instances/ORTEC-VRPTW-ASYM-1bc16246-d1-n503-k43.txt;0;244406;38.9639
./instances/ORTEC-VRPTW-ASYM-1bc16246-d1-n503-k43.txt;0;244305;40.8064
./instances/ORTEC-VRPTW-ASYM-1bc16246-d1-n503-k43.txt;0;244170;43.0571
./instances/ORTEC-VRPTW-ASYM-1bc16246-d1-n503-k43.txt;0;244038;44.3223
./instances/ORTEC-VRPTW-ASYM-1bc16246-d1-n503-k43.txt;0;244037;47.9519
./instances/ORTEC-VRPTW-ASYM-1bc16246-d1-n503-k43.txt;0;243972;52.9804
./instances/ORTEC-VRPTW-ASYM-1bc16246-d1-n503-k43.txt;0;243959;54.4728
./instances/ORTEC-VRPTW-ASYM-1bc16246-d1-n503-k43.txt;0;243853;54.5282
./instances/ORTEC-VRPTW-ASYM-1bc16246-d1-n503-k43.txt;0;243807;55.8044
./instances/ORTEC-VRPTW-ASYM-1bc16246-d1-n503-k43.txt;0;243793;55.9147
./instances/ORTEC-VRPTW-ASYM-1bc16246-d1-n503-k43.txt;0;243717;57.0458
./instances/ORTEC-VRPTW-ASYM-1bc16246-d1-n503-k43.txt;0;243711;58.77
./instances/ORTEC-VRPTW-ASYM-1bc16246-d1-n503-k43.txt;0;243690;62.4604
./instances/ORTEC-VRPTW-ASYM-1bc16246-d1-n503-k43.txt;0;243659;62.6319
./instances/ORTEC-VRPTW-ASYM-1bc16246-d1-n503-k43.txt;0;243449;63.6871
./instances/ORTEC-VRPTW-ASYM-1bc16246-d1-n503-k43.txt;0;243396;66.0382
./instances/ORTEC-VRPTW-ASYM-1bc16246-d1-n503-k43.txt;0;243389;66.1033
./instances/ORTEC-VRPTW-ASYM-1bc16246-d1-n503-k43.txt;0;243305;68.7102
./instances/ORTEC-VRPTW-ASYM-1bc16246-d1-n503-k43.txt;0;243302;68.8279
./instances/ORTEC-VRPTW-ASYM-1bc16246-d1-n503-k43.txt;0;243288;72.686
./instances/ORTEC-VRPTW-ASYM-1bc16246-d1-n503-k43.txt;0;243283;83.0285
./instances/ORTEC-VRPTW-ASYM-1bc16246-d1-n503-k43.txt;0;243264;127.288
./instances/ORTEC-VRPTW-ASYM-1bc16246-d1-n503-k43.txt;0;243258;131.371
./instances/ORTEC-VRPTW-ASYM-1bc16246-d1-n503-k43.txt;0;243251;132.202
./instances/ORTEC-VRPTW-ASYM-1bc16246-d1-n503-k43.txt;0;243213;133.182
./instances/ORTEC-VRPTW-ASYM-1bc16246-d1-n503-k43.txt;0;243210;175.579
./instances/ORTEC-VRPTW-ASYM-1bc16246-d1-n503-k43.txt;0;243170;230.297
./instances/ORTEC-VRPTW-ASYM-1bc16246-d1-n503-k43.txt;0;243169;230.836
./instances/ORTEC-VRPTW-ASYM-1bc16246-d1-n503-k43.txt;0;243120;240.607
./instances/ORTEC-VRPTW-ASYM-1bc16246-d1-n503-k43.txt;0;243117;241.029
./instances/ORTEC-VRPTW-ASYM-1bc16246-d1-n503-k43.txt;0;243115;241.496
./instances/ORTEC-VRPTW-ASYM-1bc16246-d1-n503-k43.txt;0;243114;246.69
./instances/ORTEC-VRPTW-ASYM-1bc16246-d1-n503-k43.txt;0;243113;257.474
