./instances/ORTEC-VRPTW-ASYM-e7835db2-d1-n650-k42.txt;0;380556;0.693516
./instances/ORTEC-VRPTW-ASYM-e7835db2-d1-n650-k42.txt;0;379128;2.29208
./instances/ORTEC-VRPTW-ASYM-e7835db2-d1-n650-k42.txt;0;376481;3.96291
./instances/ORTEC-VRPTW-ASYM-e7835db2-d1-n650-k42.txt;0;372984;4.43539
./instances/ORTEC-VRPTW-ASYM-e7835db2-d1-n650-k42.txt;0;372457;4.48878
./instances/ORTEC-VRPTW-ASYM-e7835db2-d1-n650-k42.txt;0;366033;4.50208
./instances/ORTEC-VRPTW-ASYM-e7835db2-d1-n650-k42.txt;0;364195;4.59513
./instances/ORTEC-VRPTW-ASYM-e7835db2-d1-n650-k42.txt;0;361057;4.61103
./instances/ORTEC-VRPTW-ASYM-e7835db2-d1-n650-k42.txt;0;360239;4.82087
./instances/ORTEC-VRPTW-ASYM-e7835db2-d1-n650-k42.txt;0;359329;5.35527
./instances/ORTEC-VRPTW-ASYM-e7835db2-d1-n650-k42.txt;0;358182;5.93825
./instances/ORTEC-VRPTW-ASYM-e7835db2-d1-n650-k42.txt;0;356438;6.24184
./instances/ORTEC-VRPTW-ASYM-e7835db2-d1-n650-k42.txt;0;353472;6.5657
./instances/ORTEC-VRPTW-ASYM-e7835db2-d1-n650-k42.txt;0;350590;8.08323
./instances/ORTEC-VRPTW-ASYM-e7835db2-d1-n650-k42.txt;0;349268;8.82881
./instances/ORTEC-VRPTW-ASYM-e7835db2-d1-n650-k42.txt;0;349028;10.8077
./instances/ORTEC-VRPTW-ASYM-e7835db2-d1-n650-k42.txt;0;347021;11.1598
./instances/ORTEC-VRPTW-ASYM-e7835db2-d1-n650-k42.txt;0;345794;11.6986
./instances/ORTEC-VRPTW-ASYM-e7835db2-d1-n650-k42.txt;0;345709;13.1473
./instances/ORTEC-VRPTW-ASYM-e7835db2-d1-n650-k42.txt;0;345129;13.5172
./instances/ORTEC-VRPTW-ASYM-e7835db2-d1-n650-k42.txt;0;344999;14.2481
./instances/ORTEC-VRPTW-ASYM-e7835db2-d1-n650-k42.txt;0;343608;14.417
./instances/ORTEC-VRPTW-ASYM-e7835db2-d1-n650-k42.txt;0;343512;15.1067
./instances/ORTEC-VRPTW-ASYM-e7835db2-d1-n650-k42.txt;0;341984;15.2445
./instances/ORTEC-VRPTW-ASYM-e7835db2-d1-n650-k42.txt;0;341351;18.1118
./instances/ORTEC-VRPTW-ASYM-e7835db2-d1-n650-k42.txt;0;341287;18.622
./instances/ORTEC-VRPTW-ASYM-e7835db2-d1-n650-k42.txt;0;341152;19.3967
./instances/ORTEC-VRPTW-ASYM-e7835db2-d1-n650-k42.txt;0;340759;19.8756
./instances/ORTEC-VRPTW-ASYM-e7835db2-d1-n650-k42.txt;0;340202;21.6164
./instances/ORTEC-VRPTW-ASYM-e7835db2-d1-n650-k42.txt;0;340077;23.2554
./instances/ORTEC-VRPTW-ASYM-e7835db2-d1-n650-k42.txt;0;339740;23.4217
./instances/ORTEC-VRPTW-ASYM-e7835db2-d1-n650-k42.txt;0;339368;23.7828
./instances/ORTEC-VRPTW-ASYM-e7835db2-d1-n650-k42.txt;0;339188;29.4585
./instances/ORTEC-VRPTW-ASYM-e7835db2-d1-n650-k42.txt;0;339005;29.5413
./instances/ORTEC-VRPTW-ASYM-e7835db2-d1-n650-k42.txt;0;338824;29.8343
./instances/ORTEC-VRPTW-ASYM-e7835db2-d1-n650-k42.txt;0;337426;30.1693
./instances/ORTEC-VRPTW-ASYM-e7835db2-d1-n650-k42.txt;0;336297;37.4518
./instances/ORTEC-VRPTW-ASYM-e7835db2-d1-n650-k42.txt;0;335952;37.6467
./instances/ORTEC-VRPTW-ASYM-e7835db2-d1-n650-k42.txt;0;334177;42.0798
./instances/ORTEC-VRPTW-ASYM-e7835db2-d1-n650-k42.txt;0;333884;43.2413
./instances/ORTEC-VRPTW-ASYM-e7835db2-d1-n650-k42.txt;0;333842;44.3804
./instances/ORTEC-VRPTW-ASYM-e7835db2-d1-n650-k42.txt;0;333751;45.0686
./instances/ORTEC-VRPTW-ASYM-e7835db2-d1-n650-k42.txt;0;333314;46.5872
./instances/ORTEC-VRPTW-ASYM-e7835db2-d1-n650-k42.txt;0;333073;46.8433
./instances/ORTEC-VRPTW-ASYM-e7835db2-d1-n650-k42.txt;0;332933;47.6988
./instances/ORTEC-VRPTW-ASYM-e7835db2-d1-n650-k42.txt;0;332410;49.6976
./instances/ORTEC-VRPTW-ASYM-e7835db2-d1-n650-k42.txt;0;332379;49.8694
./instances/ORTEC-VRPTW-ASYM-e7835db2-d1-n650-k42.txt;0;331818;50.4557
./instances/ORTEC-VRPTW-ASYM-e7835db2-d1-n650-k42.txt;0;331210;50.7511
./instances/ORTEC-VRPTW-ASYM-e7835db2-d1-n650-k42.txt;0;330902;52.8815
./instances/ORTEC-VRPTW-ASYM-e7835db2-d1-n650-k42.txt;0;330834;55.7317
./instances/ORTEC-VRPTW-ASYM-e7835db2-d1-n650-k42.txt;0;330520;55.868
./instances/ORTEC-VRPTW-ASYM-e7835db2-d1-n650-k42.txt;0;330426;59.5129
./instances/ORTEC-VRPTW-ASYM-e7835db2-d1-n650-k42.txt;0;330254;60.5295
./instances/ORTEC-VRPTW-ASYM-e7835db2-d1-n650-k42.txt;0;330251;63.1631
./instances/ORTEC-VRPTW-ASYM-e7835db2-d1-n650-k42.txt;0;330223;65.7109
./instances/ORTEC-VRPTW-ASYM-e7835db2-d1-n650-k42.txt;0;329998;66.754
./instances/ORTEC-VRPTW-ASYM-e7835db2-d1-n650-k42.txt;0;329835;68.0992
./instances/ORTEC-VRPTW-ASYM-e7835db2-d1-n650-k42.txt;0;329830;69.9517
./instances/ORTEC-VRPTW-ASYM-e7835db2-d1-n650-k42.txt;0;329764;71.0328
./instances/ORTEC-VRPTW-ASYM-e7835db2-d1-n650-k42.txt;0;329723;77.0418
./instances/ORTEC-VRPTW-ASYM-e7835db2-d1-n650-k42.txt;0;329699;78.1103
./instances/ORTEC-VRPTW-ASYM-e7835db2-d1-n650-k42.txt;0;329687;82.7019
./instances/ORTEC-VRPTW-ASYM-e7835db2-d1-n650-k42.txt;0;329643;88.0768
./instances/ORTEC-VRPTW-ASYM-e7835db2-d1-n650-k42.txt;0;329592;91.3335
./instances/ORTEC-VRPTW-ASYM-e7835db2-d1-n650-k42.txt;0;329569;91.5438
./instances/ORTEC-VRPTW-ASYM-e7835db2-d1-n650-k42.txt;0;329451;92.439
./instances/ORTEC-VRPTW-ASYM-e7835db2-d1-n650-k42.txt;0;329401;96.8534
./instances/ORTEC-VRPTW-ASYM-e7835db2-d1-n650-k42.txt;0;329372;99.9278
./instances/ORTEC-VRPTW-ASYM-e7835db2-d1-n650-k42.txt;0;329237;102.258
./instances/ORTEC-VRPTW-ASYM-e7835db2-d1-n650-k42.txt;0;329185;103.509
./instances/ORTEC-VRPTW-ASYM-e7835db2-d1-n650-k42.txt;0;329180;110.009
./instances/ORTEC-VRPTW-ASYM-e7835db2-d1-n650-k42.txt;0;329112;111.599
./instances/ORTEC-VRPTW-ASYM-e7835db2-d1-n650-k42.txt;0;329081;113.489
./instances/ORTEC-VRPTW-ASYM-e7835db2-d1-n650-k42.txt;0;329070;114.603
./instances/ORTEC-VRPTW-ASYM-e7835db2-d1-n650-k42.txt;0;328940;115.741
./instances/ORTEC-VRPTW-ASYM-e7835db2-d1-n650-k42.txt;0;328928;117.628
./instances/ORTEC-VRPTW-ASYM-e7835db2-d1-n650-k42.txt;0;328918;120.642
./instances/ORTEC-VRPTW-ASYM-e7835db2-d1-n650-k42.txt;0;328858;123.775
./instances/ORTEC-VRPTW-ASYM-e7835db2-d1-n650-k42.txt;0;328807;129.282
./instances/ORTEC-VRPTW-ASYM-e7835db2-d1-n650-k42.txt;0;328794;130.779
./instances/ORTEC-VRPTW-ASYM-e7835db2-d1-n650-k42.txt;0;328778;138.686
./instances/ORTEC-VRPTW-ASYM-e7835db2-d1-n650-k42.txt;0;328612;140.108
./instances/ORTEC-VRPTW-ASYM-e7835db2-d1-n650-k42.txt;0;328578;145.952
./instances/ORTEC-VRPTW-ASYM-e7835db2-d1-n650-k42.txt;0;328570;147.09
./instances/ORTEC-VRPTW-ASYM-e7835db2-d1-n650-k42.txt;0;328423;149.102
./instances/ORTEC-VRPTW-ASYM-e7835db2-d1-n650-k42.txt;0;328421;151.64
./instances/ORTEC-VRPTW-ASYM-e7835db2-d1-n650-k42.txt;0;328310;151.874
./instances/ORTEC-VRPTW-ASYM-e7835db2-d1-n650-k42.txt;0;328300;153.144
./instances/ORTEC-VRPTW-ASYM-e7835db2-d1-n650-k42.txt;0;328214;158.156
./instances/ORTEC-VRPTW-ASYM-e7835db2-d1-n650-k42.txt;0;328212;164.75
./instances/ORTEC-VRPTW-ASYM-e7835db2-d1-n650-k42.txt;0;328125;167.759
./instances/ORTEC-VRPTW-ASYM-e7835db2-d1-n650-k42.txt;0;328065;169.703
./instances/ORTEC-VRPTW-ASYM-e7835db2-d1-n650-k42.txt;0;328064;242.238
./instances/ORTEC-VRPTW-ASYM-e7835db2-d1-n650-k42.txt;0;328004;243.411
./instances/ORTEC-VRPTW-ASYM-e7835db2-d1-n650-k42.txt;0;327975;248.105
./instances/ORTEC-VRPTW-ASYM-e7835db2-d1-n650-k42.txt;0;327924;248.446
