./instances/ORTEC-VRPTW-ASYM-64f72f5d-d1-n225-k16.txt;0;179395;0.031567
./instances/ORTEC-VRPTW-ASYM-64f72f5d-d1-n225-k16.txt;0;174954;0.053654
./instances/ORTEC-VRPTW-ASYM-64f72f5d-d1-n225-k16.txt;0;174796;0.076983
./instances/ORTEC-VRPTW-ASYM-64f72f5d-d1-n225-k16.txt;0;173062;0.160305
./instances/ORTEC-VRPTW-ASYM-64f72f5d-d1-n225-k16.txt;0;171107;0.486277
./instances/ORTEC-VRPTW-ASYM-64f72f5d-d1-n225-k16.txt;0;169321;1.08933
./instances/ORTEC-VRPTW-ASYM-64f72f5d-d1-n225-k16.txt;0;167949;1.18227
./instances/ORTEC-VRPTW-ASYM-64f72f5d-d1-n225-k16.txt;0;167635;1.34137
./instances/ORTEC-VRPTW-ASYM-64f72f5d-d1-n225-k16.txt;0;167330;1.36557
./instances/ORTEC-VRPTW-ASYM-64f72f5d-d1-n225-k16.txt;0;167287;1.53421
./instances/ORTEC-VRPTW-ASYM-64f72f5d-d1-n225-k16.txt;0;166266;1.73101
./instances/ORTEC-VRPTW-ASYM-64f72f5d-d1-n225-k16.txt;0;166141;1.87734
./instances/ORTEC-VRPTW-ASYM-64f72f5d-d1-n225-k16.txt;0;164749;1.95311
./instances/ORTEC-VRPTW-ASYM-64f72f5d-d1-n225-k16.txt;0;164582;2.83479
./instances/ORTEC-VRPTW-ASYM-64f72f5d-d1-n225-k16.txt;0;163808;3.18075
./instances/ORTEC-VRPTW-ASYM-64f72f5d-d1-n225-k16.txt;0;163689;3.7652
./instances/ORTEC-VRPTW-ASYM-64f72f5d-d1-n225-k16.txt;0;163624;3.9997
./instances/ORTEC-VRPTW-ASYM-64f72f5d-d1-n225-k16.txt;0;163570;4.5489
./instances/ORTEC-VRPTW-ASYM-64f72f5d-d1-n225-k16.txt;0;162489;4.81365
./instances/ORTEC-VRPTW-ASYM-64f72f5d-d1-n225-k16.txt;0;162340;5.6867
./instances/ORTEC-VRPTW-ASYM-64f72f5d-d1-n225-k16.txt;0;162216;6.13711
./instances/ORTEC-VRPTW-ASYM-64f72f5d-d1-n225-k16.txt;0;162120;6.45799
./instances/ORTEC-VRPTW-ASYM-64f72f5d-d1-n225-k16.txt;0;161964;6.58292
./instances/ORTEC-VRPTW-ASYM-64f72f5d-d1-n225-k16.txt;0;161953;8.24959
./instances/ORTEC-VRPTW-ASYM-64f72f5d-d1-n225-k16.txt;0;161905;8.42779
./instances/ORTEC-VRPTW-ASYM-64f72f5d-d1-n225-k16.txt;0;161659;9.25769
./instances/ORTEC-VRPTW-ASYM-64f72f5d-d1-n225-k16.txt;0;161622;13.6951
./instances/ORTEC-VRPTW-ASYM-64f72f5d-d1-n225-k16.txt;0;161593;16.069
./instances/ORTEC-VRPTW-ASYM-64f72f5d-d1-n225-k16.txt;0;161423;21.9512
./instances/ORTEC-VRPTW-ASYM-64f72f5d-d1-n225-k16.txt;0;161265;24.5012
./instances/ORTEC-VRPTW-ASYM-64f72f5d-d1-n225-k16.txt;0;161241;28.5809
