./instances/ORTEC-VRPTW-ASYM-6c6190a5-d1-n323-k20.txt;0;190436;0.135319
./instances/ORTEC-VRPTW-ASYM-6c6190a5-d1-n323-k20.txt;0;184851;0.413002
./instances/ORTEC-VRPTW-ASYM-6c6190a5-d1-n323-k20.txt;0;182086;2.15038
./instances/ORTEC-VRPTW-ASYM-6c6190a5-d1-n323-k20.txt;0;180088;2.33132
./instances/ORTEC-VRPTW-ASYM-6c6190a5-d1-n323-k20.txt;0;180067;2.74319
./instances/ORTEC-VRPTW-ASYM-6c6190a5-d1-n323-k20.txt;0;179358;3.2523
./instances/ORTEC-VRPTW-ASYM-6c6190a5-d1-n323-k20.txt;0;178912;3.52327
./instances/ORTEC-VRPTW-ASYM-6c6190a5-d1-n323-k20.txt;0;178803;3.54585
./instances/ORTEC-VRPTW-ASYM-6c6190a5-d1-n323-k20.txt;0;178090;3.88043
./instances/ORTEC-VRPTW-ASYM-6c6190a5-d1-n323-k20.txt;0;178015;4.0899
./instances/ORTEC-VRPTW-ASYM-6c6190a5-d1-n323-k20.txt;0;177733;4.22184
./instances/ORTEC-VRPTW-ASYM-6c6190a5-d1-n323-k20.txt;0;177317;4.26817
./instances/ORTEC-VRPTW-ASYM-6c6190a5-d1-n323-k20.txt;0;176815;4.37379
./instances/ORTEC-VRPTW-ASYM-6c6190a5-d1-n323-k20.txt;0;175904;4.82251
./instances/ORTEC-VRPTW-ASYM-6c6190a5-d1-n323-k20.txt;0;175847;4.82778
./instances/ORTEC-VRPTW-ASYM-6c6190a5-d1-n323-k20.txt;0;175575;5.23874
./instances/ORTEC-VRPTW-ASYM-6c6190a5-d1-n323-k20.txt;0;174653;5.57495
./instances/ORTEC-VRPTW-ASYM-6c6190a5-d1-n323-k20.txt;0;174638;5.58882
./instances/ORTEC-VRPTW-ASYM-6c6190a5-d1-n323-k20.txt;0;174086;6.44372
./instances/ORTEC-VRPTW-ASYM-6c6190a5-d1-n323-k20.txt;0;173973;7.52508
./instances/ORTEC-VRPTW-ASYM-6c6190a5-d1-n323-k20.txt;0;173516;7.8459
./instances/ORTEC-VRPTW-ASYM-6c6190a5-d1-n323-k20.txt;0;173272;7.88041
./instances/ORTEC-VRPTW-ASYM-6c6190a5-d1-n323-k20.txt;0;172598;8.18066
./instances/ORTEC-VRPTW-ASYM-6c6190a5-d1-n323-k20.txt;0;171437;10.4874
./instances/ORTEC-VRPTW-ASYM-6c6190a5-d1-n323-k20.txt;0;171337;11.398
./instances/ORTEC-VRPTW-ASYM-6c6190a5-d1-n323-k20.txt;0;171277;12.0133
./instances/ORTEC-VRPTW-ASYM-6c6190a5-d1-n323-k20.txt;0;171098;14.0302
./instances/ORTEC-VRPTW-ASYM-6c6190a5-d1-n323-k20.txt;0;171093;17.4523
./instances/ORTEC-VRPTW-ASYM-6c6190a5-d1-n323-k20.txt;0;171080;19.2573
./instances/ORTEC-VRPTW-ASYM-6c6190a5-d1-n323-k20.txt;0;171062;19.3284
./instances/ORTEC-VRPTW-ASYM-6c6190a5-d1-n323-k20.txt;0;170980;19.8262
./instances/ORTEC-VRPTW-ASYM-6c6190a5-d1-n323-k20.txt;0;170932;24.8974
./instances/ORTEC-VRPTW-ASYM-6c6190a5-d1-n323-k20.txt;0;170765;30.8997
./instances/ORTEC-VRPTW-ASYM-6c6190a5-d1-n323-k20.txt;0;170485;31.4567
./instances/ORTEC-VRPTW-ASYM-6c6190a5-d1-n323-k20.txt;0;169665;31.5918
./instances/ORTEC-VRPTW-ASYM-6c6190a5-d1-n323-k20.txt;0;169641;36.2387
./instances/ORTEC-VRPTW-ASYM-6c6190a5-d1-n323-k20.txt;0;169552;36.7372
./instances/ORTEC-VRPTW-ASYM-6c6190a5-d1-n323-k20.txt;0;169530;38.9208
./instances/ORTEC-VRPTW-ASYM-6c6190a5-d1-n323-k20.txt;0;169523;44.9452
./instances/ORTEC-VRPTW-ASYM-6c6190a5-d1-n323-k20.txt;0;169486;45.6855
./instances/ORTEC-VRPTW-ASYM-6c6190a5-d1-n323-k20.txt;0;169460;54.209
./instances/ORTEC-VRPTW-ASYM-6c6190a5-d1-n323-k20.txt;0;169452;59.105
./instances/ORTEC-VRPTW-ASYM-6c6190a5-d1-n323-k20.txt;0;169382;60.9869
./instances/ORTEC-VRPTW-ASYM-6c6190a5-d1-n323-k20.txt;0;169375;68.2302
./instances/ORTEC-VRPTW-ASYM-6c6190a5-d1-n323-k20.txt;0;169353;76.9161
./instances/ORTEC-VRPTW-ASYM-6c6190a5-d1-n323-k20.txt;0;169186;77.5564
./instances/ORTEC-VRPTW-ASYM-6c6190a5-d1-n323-k20.txt;0;169162;87.303
./instances/ORTEC-VRPTW-ASYM-6c6190a5-d1-n323-k20.txt;0;169122;95.1884
./instances/ORTEC-VRPTW-ASYM-6c6190a5-d1-n323-k20.txt;0;169094;110.321
./instances/ORTEC-VRPTW-ASYM-6c6190a5-d1-n323-k20.txt;0;169053;128.794
./instances/ORTEC-VRPTW-ASYM-6c6190a5-d1-n323-k20.txt;0;168892;131.442
./instances/ORTEC-VRPTW-ASYM-6c6190a5-d1-n323-k20.txt;0;168876;144.288
./instances/ORTEC-VRPTW-ASYM-6c6190a5-d1-n323-k20.txt;0;168843;155.479
./instances/ORTEC-VRPTW-ASYM-6c6190a5-d1-n323-k20.txt;0;168836;155.673
./instances/ORTEC-VRPTW-ASYM-6c6190a5-d1-n323-k20.txt;0;168725;155.708
./instances/ORTEC-VRPTW-ASYM-6c6190a5-d1-n323-k20.txt;0;168604;157.347
./instances/ORTEC-VRPTW-ASYM-6c6190a5-d1-n323-k20.txt;0;168393;160.997
./instances/ORTEC-VRPTW-ASYM-6c6190a5-d1-n323-k20.txt;0;168293;162.11
./instances/ORTEC-VRPTW-ASYM-6c6190a5-d1-n323-k20.txt;0;168176;225.748
./instances/ORTEC-VRPTW-ASYM-6c6190a5-d1-n323-k20.txt;0;168139;227.642
