./instances/ORTEC-VRPTW-ASYM-0797afaf-d1-n313-k20.txt;0;153253;0.092538
./instances/ORTEC-VRPTW-ASYM-0797afaf-d1-n313-k20.txt;0;152751;0.17494
./instances/ORTEC-VRPTW-ASYM-0797afaf-d1-n313-k20.txt;0;152685;1.01507
./instances/ORTEC-VRPTW-ASYM-0797afaf-d1-n313-k20.txt;0;151743;1.05812
./instances/ORTEC-VRPTW-ASYM-0797afaf-d1-n313-k20.txt;0;149078;1.4835
./instances/ORTEC-VRPTW-ASYM-0797afaf-d1-n313-k20.txt;0;148681;2.02281
./instances/ORTEC-VRPTW-ASYM-0797afaf-d1-n313-k20.txt;0;148151;2.38388
./instances/ORTEC-VRPTW-ASYM-0797afaf-d1-n313-k20.txt;0;147121;2.50047
./instances/ORTEC-VRPTW-ASYM-0797afaf-d1-n313-k20.txt;0;146748;4.85776
./instances/ORTEC-VRPTW-ASYM-0797afaf-d1-n313-k20.txt;0;145575;5.3792
./instances/ORTEC-VRPTW-ASYM-0797afaf-d1-n313-k20.txt;0;144300;6.0888
./instances/ORTEC-VRPTW-ASYM-0797afaf-d1-n313-k20.txt;0;144284;7.49487
./instances/ORTEC-VRPTW-ASYM-0797afaf-d1-n313-k20.txt;0;143840;8.44523
./instances/ORTEC-VRPTW-ASYM-0797afaf-d1-n313-k20.txt;0;143827;9.75464
./instances/ORTEC-VRPTW-ASYM-0797afaf-d1-n313-k20.txt;0;143703;9.90496
./instances/ORTEC-VRPTW-ASYM-0797afaf-d1-n313-k20.txt;0;143606;9.92788
./instances/ORTEC-VRPTW-ASYM-0797afaf-d1-n313-k20.txt;0;143062;11.0195
./instances/ORTEC-VRPTW-ASYM-0797afaf-d1-n313-k20.txt;0;142992;11.9092
./instances/ORTEC-VRPTW-ASYM-0797afaf-d1-n313-k20.txt;0;142982;12.3956
./instances/ORTEC-VRPTW-ASYM-0797afaf-d1-n313-k20.txt;0;142863;12.4731
./instances/ORTEC-VRPTW-ASYM-0797afaf-d1-n313-k20.txt;0;142829;12.9308
./instances/ORTEC-VRPTW-ASYM-0797afaf-d1-n313-k20.txt;0;142750;13.3503
./instances/ORTEC-VRPTW-ASYM-0797afaf-d1-n313-k20.txt;0;142541;14.2542
./instances/ORTEC-VRPTW-ASYM-0797afaf-d1-n313-k20.txt;0;142476;14.8283
./instances/ORTEC-VRPTW-ASYM-0797afaf-d1-n313-k20.txt;0;142402;14.9937
./instances/ORTEC-VRPTW-ASYM-0797afaf-d1-n313-k20.txt;0;142328;15.6297
./instances/ORTEC-VRPTW-ASYM-0797afaf-d1-n313-k20.txt;0;142224;16.5621
./instances/ORTEC-VRPTW-ASYM-0797afaf-d1-n313-k20.txt;0;142112;17.2719
./instances/ORTEC-VRPTW-ASYM-0797afaf-d1-n313-k20.txt;0;141999;17.7987
./instances/ORTEC-VRPTW-ASYM-0797afaf-d1-n313-k20.txt;0;141995;18.0344
./instances/ORTEC-VRPTW-ASYM-0797afaf-d1-n313-k20.txt;0;141941;18.1718
./instances/ORTEC-VRPTW-ASYM-0797afaf-d1-n313-k20.txt;0;141754;19.3359
./instances/ORTEC-VRPTW-ASYM-0797afaf-d1-n313-k20.txt;0;141613;20.1129
./instances/ORTEC-VRPTW-ASYM-0797afaf-d1-n313-k20.txt;0;141402;20.3929
./instances/ORTEC-VRPTW-ASYM-0797afaf-d1-n313-k20.txt;0;141127;22.9712
./instances/ORTEC-VRPTW-ASYM-0797afaf-d1-n313-k20.txt;0;141119;23.3214
./instances/ORTEC-VRPTW-ASYM-0797afaf-d1-n313-k20.txt;0;141085;26.2739
./instances/ORTEC-VRPTW-ASYM-0797afaf-d1-n313-k20.txt;0;141080;26.4655
./instances/ORTEC-VRPTW-ASYM-0797afaf-d1-n313-k20.txt;0;141039;26.9747
./instances/ORTEC-VRPTW-ASYM-0797afaf-d1-n313-k20.txt;0;141029;27.3616
./instances/ORTEC-VRPTW-ASYM-0797afaf-d1-n313-k20.txt;0;140991;31.3001
./instances/ORTEC-VRPTW-ASYM-0797afaf-d1-n313-k20.txt;0;140966;32.1295
./instances/ORTEC-VRPTW-ASYM-0797afaf-d1-n313-k20.txt;0;140910;34.3846
./instances/ORTEC-VRPTW-ASYM-0797afaf-d1-n313-k20.txt;0;140893;35.4435
./instances/ORTEC-VRPTW-ASYM-0797afaf-d1-n313-k20.txt;0;140835;35.6441
./instances/ORTEC-VRPTW-ASYM-0797afaf-d1-n313-k20.txt;0;140706;36.7187
./instances/ORTEC-VRPTW-ASYM-0797afaf-d1-n313-k20.txt;0;140680;37.5636
./instances/ORTEC-VRPTW-ASYM-0797afaf-d1-n313-k20.txt;0;140620;37.7774
./instances/ORTEC-VRPTW-ASYM-0797afaf-d1-n313-k20.txt;0;140557;45.594
./instances/ORTEC-VRPTW-ASYM-0797afaf-d1-n313-k20.txt;0;140537;49.9855
./instances/ORTEC-VRPTW-ASYM-0797afaf-d1-n313-k20.txt;0;140530;53.3342
./instances/ORTEC-VRPTW-ASYM-0797afaf-d1-n313-k20.txt;0;140526;69.1058
./instances/ORTEC-VRPTW-ASYM-0797afaf-d1-n313-k20.txt;0;140515;147.318
./instances/ORTEC-VRPTW-ASYM-0797afaf-d1-n313-k20.txt;0;140513;164.826
./instances/ORTEC-VRPTW-ASYM-0797afaf-d1-n313-k20.txt;0;140477;197.59
./instances/ORTEC-VRPTW-ASYM-0797afaf-d1-n313-k20.txt;0;140471;207.731
./instances/ORTEC-VRPTW-ASYM-0797afaf-d1-n313-k20.txt;0;140469;210.581
./instances/ORTEC-VRPTW-ASYM-0797afaf-d1-n313-k20.txt;0;140446;210.765
./instances/ORTEC-VRPTW-ASYM-0797afaf-d1-n313-k20.txt;0;140444;213.984
