./instances/ORTEC-VRPTW-ASYM-4b81ac13-d1-n288-k30.txt;0;190690;0.071047
./instances/ORTEC-VRPTW-ASYM-4b81ac13-d1-n288-k30.txt;0;187624;1.72697
./instances/ORTEC-VRPTW-ASYM-4b81ac13-d1-n288-k30.txt;0;186416;2.37615
./instances/ORTEC-VRPTW-ASYM-4b81ac13-d1-n288-k30.txt;0;185029;2.66238
./instances/ORTEC-VRPTW-ASYM-4b81ac13-d1-n288-k30.txt;0;184624;2.92767
./instances/ORTEC-VRPTW-ASYM-4b81ac13-d1-n288-k30.txt;0;183880;3.2158
./instances/ORTEC-VRPTW-ASYM-4b81ac13-d1-n288-k30.txt;0;183839;3.34266
./instances/ORTEC-VRPTW-ASYM-4b81ac13-d1-n288-k30.txt;0;183719;3.53414
./instances/ORTEC-VRPTW-ASYM-4b81ac13-d1-n288-k30.txt;0;183551;3.90641
./instances/ORTEC-VRPTW-ASYM-4b81ac13-d1-n288-k30.txt;0;183442;4.11626
./instances/ORTEC-VRPTW-ASYM-4b81ac13-d1-n288-k30.txt;0;182812;4.12291
./instances/ORTEC-VRPTW-ASYM-4b81ac13-d1-n288-k30.txt;0;182161;4.18428
./instances/ORTEC-VRPTW-ASYM-4b81ac13-d1-n288-k30.txt;0;182153;4.35231
./instances/ORTEC-VRPTW-ASYM-4b81ac13-d1-n288-k30.txt;0;182102;4.89439
./instances/ORTEC-VRPTW-ASYM-4b81ac13-d1-n288-k30.txt;0;182071;4.97532
./instances/ORTEC-VRPTW-ASYM-4b81ac13-d1-n288-k30.txt;0;182034;5.26677
./instances/ORTEC-VRPTW-ASYM-4b81ac13-d1-n288-k30.txt;0;181221;5.52645
./instances/ORTEC-VRPTW-ASYM-4b81ac13-d1-n288-k30.txt;0;181170;6.10762
./instances/ORTEC-VRPTW-ASYM-4b81ac13-d1-n288-k30.txt;0;180373;6.12403
./instances/ORTEC-VRPTW-ASYM-4b81ac13-d1-n288-k30.txt;0;180222;6.70587
./instances/ORTEC-VRPTW-ASYM-4b81ac13-d1-n288-k30.txt;0;180049;9.41755
./instances/ORTEC-VRPTW-ASYM-4b81ac13-d1-n288-k30.txt;0;179478;10.9406
./instances/ORTEC-VRPTW-ASYM-4b81ac13-d1-n288-k30.txt;0;178922;12.4525
./instances/ORTEC-VRPTW-ASYM-4b81ac13-d1-n288-k30.txt;0;178226;13.866
./instances/ORTEC-VRPTW-ASYM-4b81ac13-d1-n288-k30.txt;0;178097;14.8148
./instances/ORTEC-VRPTW-ASYM-4b81ac13-d1-n288-k30.txt;0;178000;16.0047
./instances/ORTEC-VRPTW-ASYM-4b81ac13-d1-n288-k30.txt;0;177939;21.8391
./instances/ORTEC-VRPTW-ASYM-4b81ac13-d1-n288-k30.txt;0;177885;52.6007
./instances/ORTEC-VRPTW-ASYM-4b81ac13-d1-n288-k30.txt;0;177842;53.1569
./instances/ORTEC-VRPTW-ASYM-4b81ac13-d1-n288-k30.txt;0;177814;59.9235
./instances/ORTEC-VRPTW-ASYM-4b81ac13-d1-n288-k30.txt;0;177666;65.3678
./instances/ORTEC-VRPTW-ASYM-4b81ac13-d1-n288-k30.txt;0;177525;66.0983
./instances/ORTEC-VRPTW-ASYM-4b81ac13-d1-n288-k30.txt;0;177482;67.1067
./instances/ORTEC-VRPTW-ASYM-4b81ac13-d1-n288-k30.txt;0;177298;74.041
