./instances/ORTEC-VRPTW-ASYM-e159d033-d1-n363-k27.txt;0;172895;0.055612
./instances/ORTEC-VRPTW-ASYM-e159d033-d1-n363-k27.txt;0;170331;0.121667
./instances/ORTEC-VRPTW-ASYM-e159d033-d1-n363-k27.txt;0;169677;0.237385
./instances/ORTEC-VRPTW-ASYM-e159d033-d1-n363-k27.txt;0;167794;0.273902
./instances/ORTEC-VRPTW-ASYM-e159d033-d1-n363-k27.txt;0;167684;1.94903
./instances/ORTEC-VRPTW-ASYM-e159d033-d1-n363-k27.txt;0;167562;2.08726
./instances/ORTEC-VRPTW-ASYM-e159d033-d1-n363-k27.txt;0;166455;2.09996
./instances/ORTEC-VRPTW-ASYM-e159d033-d1-n363-k27.txt;0;165189;2.18538
./instances/ORTEC-VRPTW-ASYM-e159d033-d1-n363-k27.txt;0;163132;2.48713
./instances/ORTEC-VRPTW-ASYM-e159d033-d1-n363-k27.txt;0;162846;2.93849
./instances/ORTEC-VRPTW-ASYM-e159d033-d1-n363-k27.txt;0;162720;3.32682
./instances/ORTEC-VRPTW-ASYM-e159d033-d1-n363-k27.txt;0;162554;3.40771
./instances/ORTEC-VRPTW-ASYM-e159d033-d1-n363-k27.txt;0;162472;3.55922
./instances/ORTEC-VRPTW-ASYM-e159d033-d1-n363-k27.txt;0;161810;3.79358
./instances/ORTEC-VRPTW-ASYM-e159d033-d1-n363-k27.txt;0;161091;3.93579
./instances/ORTEC-VRPTW-ASYM-e159d033-d1-n363-k27.txt;0;160985;4.38437
./instances/ORTEC-VRPTW-ASYM-e159d033-d1-n363-k27.txt;0;160184;4.77389
./instances/ORTEC-VRPTW-ASYM-e159d033-d1-n363-k27.txt;0;160080;5.53072
./instances/ORTEC-VRPTW-ASYM-e159d033-d1-n363-k27.txt;0;159573;5.90107
./instances/ORTEC-VRPTW-ASYM-e159d033-d1-n363-k27.txt;0;159324;6.09127
./instances/ORTEC-VRPTW-ASYM-e159d033-d1-n363-k27.txt;0;159171;6.27989
./instances/ORTEC-VRPTW-ASYM-e159d033-d1-n363-k27.txt;0;158674;7.37081
./instances/ORTEC-VRPTW-ASYM-e159d033-d1-n363-k27.txt;0;158491;7.52638
./instances/ORTEC-VRPTW-ASYM-e159d033-d1-n363-k27.txt;0;158482;7.74473
./instances/ORTEC-VRPTW-ASYM-e159d033-d1-n363-k27.txt;0;158327;8.02588
./instances/ORTEC-VRPTW-ASYM-e159d033-d1-n363-k27.txt;0;158149;8.5565
./instances/ORTEC-VRPTW-ASYM-e159d033-d1-n363-k27.txt;0;157918;8.94085
./instances/ORTEC-VRPTW-ASYM-e159d033-d1-n363-k27.txt;0;157881;9.10788
./instances/ORTEC-VRPTW-ASYM-e159d033-d1-n363-k27.txt;0;157783;9.4526
./instances/ORTEC-VRPTW-ASYM-e159d033-d1-n363-k27.txt;0;157761;9.9182
./instances/ORTEC-VRPTW-ASYM-e159d033-d1-n363-k27.txt;0;157685;9.9366
./instances/ORTEC-VRPTW-ASYM-e159d033-d1-n363-k27.txt;0;157523;9.98358
./instances/ORTEC-VRPTW-ASYM-e159d033-d1-n363-k27.txt;0;156838;10.3743
./instances/ORTEC-VRPTW-ASYM-e159d033-d1-n363-k27.txt;0;156831;11.1911
./instances/ORTEC-VRPTW-ASYM-e159d033-d1-n363-k27.txt;0;156797;11.9737
./instances/ORTEC-VRPTW-ASYM-e159d033-d1-n363-k27.txt;0;156663;12.4693
./instances/ORTEC-VRPTW-ASYM-e159d033-d1-n363-k27.txt;0;156598;13.3642
./instances/ORTEC-VRPTW-ASYM-e159d033-d1-n363-k27.txt;0;156584;13.5503
./instances/ORTEC-VRPTW-ASYM-e159d033-d1-n363-k27.txt;0;156538;13.6408
./instances/ORTEC-VRPTW-ASYM-e159d033-d1-n363-k27.txt;0;156301;14.8011
./instances/ORTEC-VRPTW-ASYM-e159d033-d1-n363-k27.txt;0;156177;15.1136
./instances/ORTEC-VRPTW-ASYM-e159d033-d1-n363-k27.txt;0;156167;15.1937
./instances/ORTEC-VRPTW-ASYM-e159d033-d1-n363-k27.txt;0;156112;15.4889
./instances/ORTEC-VRPTW-ASYM-e159d033-d1-n363-k27.txt;0;155859;17.571
./instances/ORTEC-VRPTW-ASYM-e159d033-d1-n363-k27.txt;0;155785;23.5405
./instances/ORTEC-VRPTW-ASYM-e159d033-d1-n363-k27.txt;0;155710;24.7273
./instances/ORTEC-VRPTW-ASYM-e159d033-d1-n363-k27.txt;0;155641;25.6314
./instances/ORTEC-VRPTW-ASYM-e159d033-d1-n363-k27.txt;0;155501;26.3241
./instances/ORTEC-VRPTW-ASYM-e159d033-d1-n363-k27.txt;0;155199;26.3524
./instances/ORTEC-VRPTW-ASYM-e159d033-d1-n363-k27.txt;0;155164;26.8809
./instances/ORTEC-VRPTW-ASYM-e159d033-d1-n363-k27.txt;0;155130;27.556
./instances/ORTEC-VRPTW-ASYM-e159d033-d1-n363-k27.txt;0;155102;32.0175
./instances/ORTEC-VRPTW-ASYM-e159d033-d1-n363-k27.txt;0;154812;33.9428
./instances/ORTEC-VRPTW-ASYM-e159d033-d1-n363-k27.txt;0;154802;37.9381
./instances/ORTEC-VRPTW-ASYM-e159d033-d1-n363-k27.txt;0;154755;40.5477
./instances/ORTEC-VRPTW-ASYM-e159d033-d1-n363-k27.txt;0;154706;43.9164
./instances/ORTEC-VRPTW-ASYM-e159d033-d1-n363-k27.txt;0;154680;45.2015
./instances/ORTEC-VRPTW-ASYM-e159d033-d1-n363-k27.txt;0;154605;46.0365
./instances/ORTEC-VRPTW-ASYM-e159d033-d1-n363-k27.txt;0;154592;46.4108
./instances/ORTEC-VRPTW-ASYM-e159d033-d1-n363-k27.txt;0;154586;49.9306
./instances/ORTEC-VRPTW-ASYM-e159d033-d1-n363-k27.txt;0;154568;54.6985
./instances/ORTEC-VRPTW-ASYM-e159d033-d1-n363-k27.txt;0;154562;56.7458
./instances/ORTEC-VRPTW-ASYM-e159d033-d1-n363-k27.txt;0;154537;61.7012
./instances/ORTEC-VRPTW-ASYM-e159d033-d1-n363-k27.txt;0;154532;79.4635
./instances/ORTEC-VRPTW-ASYM-e159d033-d1-n363-k27.txt;0;154499;128.24
./instances/ORTEC-VRPTW-ASYM-e159d033-d1-n363-k27.txt;0;154497;173.726
./instances/ORTEC-VRPTW-ASYM-e159d033-d1-n363-k27.txt;0;154495;236.85
./instances/ORTEC-VRPTW-ASYM-e159d033-d1-n363-k27.txt;0;154490;237.173
./instances/ORTEC-VRPTW-ASYM-e159d033-d1-n363-k27.txt;0;154442;302.069
