./instances/ORTEC-VRPTW-ASYM-d98c5742-d1-n204-k15.txt;0;159607;0.023774
./instances/ORTEC-VRPTW-ASYM-d98c5742-d1-n204-k15.txt;0;157662;0.039569
./instances/ORTEC-VRPTW-ASYM-d98c5742-d1-n204-k15.txt;0;156030;0.045254
./instances/ORTEC-VRPTW-ASYM-d98c5742-d1-n204-k15.txt;0;154763;0.132228
./instances/ORTEC-VRPTW-ASYM-d98c5742-d1-n204-k15.txt;0;154085;0.183143
./instances/ORTEC-VRPTW-ASYM-d98c5742-d1-n204-k15.txt;0;153771;0.270427
./instances/ORTEC-VRPTW-ASYM-d98c5742-d1-n204-k15.txt;0;151112;0.415283
./instances/ORTEC-VRPTW-ASYM-d98c5742-d1-n204-k15.txt;0;150087;1.15519
./instances/ORTEC-VRPTW-ASYM-d98c5742-d1-n204-k15.txt;0;149995;1.20943
./instances/ORTEC-VRPTW-ASYM-d98c5742-d1-n204-k15.txt;0;149619;1.28539
./instances/ORTEC-VRPTW-ASYM-d98c5742-d1-n204-k15.txt;0;149444;1.29564
./instances/ORTEC-VRPTW-ASYM-d98c5742-d1-n204-k15.txt;0;148765;1.38859
./instances/ORTEC-VRPTW-ASYM-d98c5742-d1-n204-k15.txt;0;146601;1.48014
./instances/ORTEC-VRPTW-ASYM-d98c5742-d1-n204-k15.txt;0;146507;1.5633
./instances/ORTEC-VRPTW-ASYM-d98c5742-d1-n204-k15.txt;0;146151;1.69716
./instances/ORTEC-VRPTW-ASYM-d98c5742-d1-n204-k15.txt;0;146082;2.0508
./instances/ORTEC-VRPTW-ASYM-d98c5742-d1-n204-k15.txt;0;145913;2.32665
./instances/ORTEC-VRPTW-ASYM-d98c5742-d1-n204-k15.txt;0;145523;2.43396
./instances/ORTEC-VRPTW-ASYM-d98c5742-d1-n204-k15.txt;0;145074;2.8665
./instances/ORTEC-VRPTW-ASYM-d98c5742-d1-n204-k15.txt;0;144261;3.26848
./instances/ORTEC-VRPTW-ASYM-d98c5742-d1-n204-k15.txt;0;144130;4.37658
./instances/ORTEC-VRPTW-ASYM-d98c5742-d1-n204-k15.txt;0;144017;4.93115
./instances/ORTEC-VRPTW-ASYM-d98c5742-d1-n204-k15.txt;0;143984;5.3009
./instances/ORTEC-VRPTW-ASYM-d98c5742-d1-n204-k15.txt;0;143362;5.36564
./instances/ORTEC-VRPTW-ASYM-d98c5742-d1-n204-k15.txt;0;143247;5.42849
./instances/ORTEC-VRPTW-ASYM-d98c5742-d1-n204-k15.txt;0;143181;5.90423
./instances/ORTEC-VRPTW-ASYM-d98c5742-d1-n204-k15.txt;0;143179;5.9504
./instances/ORTEC-VRPTW-ASYM-d98c5742-d1-n204-k15.txt;0;143127;6.09977
./instances/ORTEC-VRPTW-ASYM-d98c5742-d1-n204-k15.txt;0;143083;6.6238
./instances/ORTEC-VRPTW-ASYM-d98c5742-d1-n204-k15.txt;0;142997;6.67151
