./instances/ORTEC-VRPTW-ASYM-9ffcb659-d1-n425-k25.txt;0;267095;0.106998
./instances/ORTEC-VRPTW-ASYM-9ffcb659-d1-n425-k25.txt;0;260456;0.29884
./instances/ORTEC-VRPTW-ASYM-9ffcb659-d1-n425-k25.txt;0;258075;1.35234
./instances/ORTEC-VRPTW-ASYM-9ffcb659-d1-n425-k25.txt;0;257669;2.47244
./instances/ORTEC-VRPTW-ASYM-9ffcb659-d1-n425-k25.txt;0;254642;2.53831
./instances/ORTEC-VRPTW-ASYM-9ffcb659-d1-n425-k25.txt;0;252561;2.77056
./instances/ORTEC-VRPTW-ASYM-9ffcb659-d1-n425-k25.txt;0;250648;3.04645
./instances/ORTEC-VRPTW-ASYM-9ffcb659-d1-n425-k25.txt;0;249427;3.80047
./instances/ORTEC-VRPTW-ASYM-9ffcb659-d1-n425-k25.txt;0;249358;4.33271
./instances/ORTEC-VRPTW-ASYM-9ffcb659-d1-n425-k25.txt;0;246872;4.47785
./instances/ORTEC-VRPTW-ASYM-9ffcb659-d1-n425-k25.txt;0;246431;5.92973
./instances/ORTEC-VRPTW-ASYM-9ffcb659-d1-n425-k25.txt;0;246244;6.75613
./instances/ORTEC-VRPTW-ASYM-9ffcb659-d1-n425-k25.txt;0;245431;7.17446
./instances/ORTEC-VRPTW-ASYM-9ffcb659-d1-n425-k25.txt;0;245222;7.72448
./instances/ORTEC-VRPTW-ASYM-9ffcb659-d1-n425-k25.txt;0;245088;7.9658
./instances/ORTEC-VRPTW-ASYM-9ffcb659-d1-n425-k25.txt;0;244716;9.06158
./instances/ORTEC-VRPTW-ASYM-9ffcb659-d1-n425-k25.txt;0;244512;9.54805
./instances/ORTEC-VRPTW-ASYM-9ffcb659-d1-n425-k25.txt;0;243947;9.68737
./instances/ORTEC-VRPTW-ASYM-9ffcb659-d1-n425-k25.txt;0;243829;10.0247
./instances/ORTEC-VRPTW-ASYM-9ffcb659-d1-n425-k25.txt;0;243035;11.132
./instances/ORTEC-VRPTW-ASYM-9ffcb659-d1-n425-k25.txt;0;242879;12.079
./instances/ORTEC-VRPTW-ASYM-9ffcb659-d1-n425-k25.txt;0;242599;13.1182
./instances/ORTEC-VRPTW-ASYM-9ffcb659-d1-n425-k25.txt;0;242533;15.6064
./instances/ORTEC-VRPTW-ASYM-9ffcb659-d1-n425-k25.txt;0;242353;15.8739
./instances/ORTEC-VRPTW-ASYM-9ffcb659-d1-n425-k25.txt;0;242172;16.3107
./instances/ORTEC-VRPTW-ASYM-9ffcb659-d1-n425-k25.txt;0;241893;20.3196
./instances/ORTEC-VRPTW-ASYM-9ffcb659-d1-n425-k25.txt;0;241438;20.7666
./instances/ORTEC-VRPTW-ASYM-9ffcb659-d1-n425-k25.txt;0;241284;21.636
./instances/ORTEC-VRPTW-ASYM-9ffcb659-d1-n425-k25.txt;0;241187;24.9567
./instances/ORTEC-VRPTW-ASYM-9ffcb659-d1-n425-k25.txt;0;241047;26.2986
./instances/ORTEC-VRPTW-ASYM-9ffcb659-d1-n425-k25.txt;0;240932;26.9229
./instances/ORTEC-VRPTW-ASYM-9ffcb659-d1-n425-k25.txt;0;240559;27.5011
./instances/ORTEC-VRPTW-ASYM-9ffcb659-d1-n425-k25.txt;0;240411;27.5118
./instances/ORTEC-VRPTW-ASYM-9ffcb659-d1-n425-k25.txt;0;240335;27.6787
./instances/ORTEC-VRPTW-ASYM-9ffcb659-d1-n425-k25.txt;0;240252;27.9705
./instances/ORTEC-VRPTW-ASYM-9ffcb659-d1-n425-k25.txt;0;238994;29.6706
./instances/ORTEC-VRPTW-ASYM-9ffcb659-d1-n425-k25.txt;0;238006;34.6284
./instances/ORTEC-VRPTW-ASYM-9ffcb659-d1-n425-k25.txt;0;237824;41.3727
./instances/ORTEC-VRPTW-ASYM-9ffcb659-d1-n425-k25.txt;0;237283;42.064
./instances/ORTEC-VRPTW-ASYM-9ffcb659-d1-n425-k25.txt;0;237023;42.5507
./instances/ORTEC-VRPTW-ASYM-9ffcb659-d1-n425-k25.txt;0;236952;45.1789
./instances/ORTEC-VRPTW-ASYM-9ffcb659-d1-n425-k25.txt;0;236927;45.3978
./instances/ORTEC-VRPTW-ASYM-9ffcb659-d1-n425-k25.txt;0;236802;45.5337
./instances/ORTEC-VRPTW-ASYM-9ffcb659-d1-n425-k25.txt;0;236664;46.2155
./instances/ORTEC-VRPTW-ASYM-9ffcb659-d1-n425-k25.txt;0;236559;49.477
./instances/ORTEC-VRPTW-ASYM-9ffcb659-d1-n425-k25.txt;0;236521;50.0954
./instances/ORTEC-VRPTW-ASYM-9ffcb659-d1-n425-k25.txt;0;236511;55.4455
./instances/ORTEC-VRPTW-ASYM-9ffcb659-d1-n425-k25.txt;0;236320;83.3251
./instances/ORTEC-VRPTW-ASYM-9ffcb659-d1-n425-k25.txt;0;236313;84.0934
./instances/ORTEC-VRPTW-ASYM-9ffcb659-d1-n425-k25.txt;0;236264;133.214
./instances/ORTEC-VRPTW-ASYM-9ffcb659-d1-n425-k25.txt;0;236255;135.467
./instances/ORTEC-VRPTW-ASYM-9ffcb659-d1-n425-k25.txt;0;236249;137.649
./instances/ORTEC-VRPTW-ASYM-9ffcb659-d1-n425-k25.txt;0;236245;139.216
./instances/ORTEC-VRPTW-ASYM-9ffcb659-d1-n425-k25.txt;0;236239;140.963
./instances/ORTEC-VRPTW-ASYM-9ffcb659-d1-n425-k25.txt;0;236177;183.584
./instances/ORTEC-VRPTW-ASYM-9ffcb659-d1-n425-k25.txt;0;236161;183.992
./instances/ORTEC-VRPTW-ASYM-9ffcb659-d1-n425-k25.txt;0;236108;187.75
./instances/ORTEC-VRPTW-ASYM-9ffcb659-d1-n425-k25.txt;0;235910;189.224
./instances/ORTEC-VRPTW-ASYM-9ffcb659-d1-n425-k25.txt;0;235837;190.639
./instances/ORTEC-VRPTW-ASYM-9ffcb659-d1-n425-k25.txt;0;235802;193.189
./instances/ORTEC-VRPTW-ASYM-9ffcb659-d1-n425-k25.txt;0;235763;195.964
./instances/ORTEC-VRPTW-ASYM-9ffcb659-d1-n425-k25.txt;0;235668;229.626
./instances/ORTEC-VRPTW-ASYM-9ffcb659-d1-n425-k25.txt;0;235659;232.664
./instances/ORTEC-VRPTW-ASYM-9ffcb659-d1-n425-k25.txt;0;235621;232.68
./instances/ORTEC-VRPTW-ASYM-9ffcb659-d1-n425-k25.txt;0;235620;233.609
./instances/ORTEC-VRPTW-ASYM-9ffcb659-d1-n425-k25.txt;0;235582;233.963
