./instances/ORTEC-VRPTW-ASYM-0bdff870-d1-n458-k35.txt;0;291387;0.39146
./instances/ORTEC-VRPTW-ASYM-0bdff870-d1-n458-k35.txt;0;289083;2.57986
./instances/ORTEC-VRPTW-ASYM-0bdff870-d1-n458-k35.txt;0;286068;2.64966
./instances/ORTEC-VRPTW-ASYM-0bdff870-d1-n458-k35.txt;0;283385;2.78843
./instances/ORTEC-VRPTW-ASYM-0bdff870-d1-n458-k35.txt;0;278435;3.08504
./instances/ORTEC-VRPTW-ASYM-0bdff870-d1-n458-k35.txt;0;277194;3.84278
./instances/ORTEC-VRPTW-ASYM-0bdff870-d1-n458-k35.txt;0;274918;4.2002
./instances/ORTEC-VRPTW-ASYM-0bdff870-d1-n458-k35.txt;0;274868;5.35745
./instances/ORTEC-VRPTW-ASYM-0bdff870-d1-n458-k35.txt;0;274722;6.46356
./instances/ORTEC-VRPTW-ASYM-0bdff870-d1-n458-k35.txt;0;273293;6.46915
./instances/ORTEC-VRPTW-ASYM-0bdff870-d1-n458-k35.txt;0;271880;6.69809
./instances/ORTEC-VRPTW-ASYM-0bdff870-d1-n458-k35.txt;0;270508;7.99952
./instances/ORTEC-VRPTW-ASYM-0bdff870-d1-n458-k35.txt;0;270236;8.05275
./instances/ORTEC-VRPTW-ASYM-0bdff870-d1-n458-k35.txt;0;269847;8.58046
./instances/ORTEC-VRPTW-ASYM-0bdff870-d1-n458-k35.txt;0;269031;8.72074
./instances/ORTEC-VRPTW-ASYM-0bdff870-d1-n458-k35.txt;0;268403;9.05611
./instances/ORTEC-VRPTW-ASYM-0bdff870-d1-n458-k35.txt;0;267624;11.0781
./instances/ORTEC-VRPTW-ASYM-0bdff870-d1-n458-k35.txt;0;267295;12.4088
./instances/ORTEC-VRPTW-ASYM-0bdff870-d1-n458-k35.txt;0;266889;13.6863
./instances/ORTEC-VRPTW-ASYM-0bdff870-d1-n458-k35.txt;0;266410;14.8561
./instances/ORTEC-VRPTW-ASYM-0bdff870-d1-n458-k35.txt;0;266049;15.5873
./instances/ORTEC-VRPTW-ASYM-0bdff870-d1-n458-k35.txt;0;265697;16.1679
./instances/ORTEC-VRPTW-ASYM-0bdff870-d1-n458-k35.txt;0;265032;16.8912
./instances/ORTEC-VRPTW-ASYM-0bdff870-d1-n458-k35.txt;0;264713;18.9109
./instances/ORTEC-VRPTW-ASYM-0bdff870-d1-n458-k35.txt;0;264681;20.28
./instances/ORTEC-VRPTW-ASYM-0bdff870-d1-n458-k35.txt;0;264478;20.4561
./instances/ORTEC-VRPTW-ASYM-0bdff870-d1-n458-k35.txt;0;264285;21.2873
./instances/ORTEC-VRPTW-ASYM-0bdff870-d1-n458-k35.txt;0;264118;21.6674
./instances/ORTEC-VRPTW-ASYM-0bdff870-d1-n458-k35.txt;0;263960;22.0598
./instances/ORTEC-VRPTW-ASYM-0bdff870-d1-n458-k35.txt;0;263795;22.6363
./instances/ORTEC-VRPTW-ASYM-0bdff870-d1-n458-k35.txt;0;263375;23.0383
./instances/ORTEC-VRPTW-ASYM-0bdff870-d1-n458-k35.txt;0;263345;23.6351
./instances/ORTEC-VRPTW-ASYM-0bdff870-d1-n458-k35.txt;0;263020;24.8027
./instances/ORTEC-VRPTW-ASYM-0bdff870-d1-n458-k35.txt;0;262963;24.8696
./instances/ORTEC-VRPTW-ASYM-0bdff870-d1-n458-k35.txt;0;262818;26.8933
./instances/ORTEC-VRPTW-ASYM-0bdff870-d1-n458-k35.txt;0;262664;28.335
./instances/ORTEC-VRPTW-ASYM-0bdff870-d1-n458-k35.txt;0;262607;29.8036
./instances/ORTEC-VRPTW-ASYM-0bdff870-d1-n458-k35.txt;0;262462;30.073
./instances/ORTEC-VRPTW-ASYM-0bdff870-d1-n458-k35.txt;0;262400;32.3539
./instances/ORTEC-VRPTW-ASYM-0bdff870-d1-n458-k35.txt;0;262309;32.6388
./instances/ORTEC-VRPTW-ASYM-0bdff870-d1-n458-k35.txt;0;261899;32.8342
./instances/ORTEC-VRPTW-ASYM-0bdff870-d1-n458-k35.txt;0;261829;33.5524
./instances/ORTEC-VRPTW-ASYM-0bdff870-d1-n458-k35.txt;0;261537;35.6697
./instances/ORTEC-VRPTW-ASYM-0bdff870-d1-n458-k35.txt;0;261415;35.8667
./instances/ORTEC-VRPTW-ASYM-0bdff870-d1-n458-k35.txt;0;261272;37.5988
./instances/ORTEC-VRPTW-ASYM-0bdff870-d1-n458-k35.txt;0;261119;39.1279
./instances/ORTEC-VRPTW-ASYM-0bdff870-d1-n458-k35.txt;0;261117;39.1932
./instances/ORTEC-VRPTW-ASYM-0bdff870-d1-n458-k35.txt;0;260956;39.6263
./instances/ORTEC-VRPTW-ASYM-0bdff870-d1-n458-k35.txt;0;260812;40.4868
./instances/ORTEC-VRPTW-ASYM-0bdff870-d1-n458-k35.txt;0;260755;41.6231
./instances/ORTEC-VRPTW-ASYM-0bdff870-d1-n458-k35.txt;0;260660;41.7248
./instances/ORTEC-VRPTW-ASYM-0bdff870-d1-n458-k35.txt;0;260499;42.254
./instances/ORTEC-VRPTW-ASYM-0bdff870-d1-n458-k35.txt;0;260466;43.156
./instances/ORTEC-VRPTW-ASYM-0bdff870-d1-n458-k35.txt;0;260453;43.5239
./instances/ORTEC-VRPTW-ASYM-0bdff870-d1-n458-k35.txt;0;260365;44.6517
./instances/ORTEC-VRPTW-ASYM-0bdff870-d1-n458-k35.txt;0;260248;46.674
./instances/ORTEC-VRPTW-ASYM-0bdff870-d1-n458-k35.txt;0;260244;46.7748
./instances/ORTEC-VRPTW-ASYM-0bdff870-d1-n458-k35.txt;0;260235;47.3377
./instances/ORTEC-VRPTW-ASYM-0bdff870-d1-n458-k35.txt;0;260199;48.9518
./instances/ORTEC-VRPTW-ASYM-0bdff870-d1-n458-k35.txt;0;260195;49.4783
./instances/ORTEC-VRPTW-ASYM-0bdff870-d1-n458-k35.txt;0;260186;49.4965
./instances/ORTEC-VRPTW-ASYM-0bdff870-d1-n458-k35.txt;0;259967;50.8705
./instances/ORTEC-VRPTW-ASYM-0bdff870-d1-n458-k35.txt;0;259965;55.1098
./instances/ORTEC-VRPTW-ASYM-0bdff870-d1-n458-k35.txt;0;259942;66.8849
./instances/ORTEC-VRPTW-ASYM-0bdff870-d1-n458-k35.txt;0;259931;66.9777
./instances/ORTEC-VRPTW-ASYM-0bdff870-d1-n458-k35.txt;0;259878;67.9186
./instances/ORTEC-VRPTW-ASYM-0bdff870-d1-n458-k35.txt;0;259867;69.217
./instances/ORTEC-VRPTW-ASYM-0bdff870-d1-n458-k35.txt;0;259858;69.7111
./instances/ORTEC-VRPTW-ASYM-0bdff870-d1-n458-k35.txt;0;259631;76.9691
./instances/ORTEC-VRPTW-ASYM-0bdff870-d1-n458-k35.txt;0;259628;78.0188
./instances/ORTEC-VRPTW-ASYM-0bdff870-d1-n458-k35.txt;0;259615;82.6137
./instances/ORTEC-VRPTW-ASYM-0bdff870-d1-n458-k35.txt;0;259403;89.1412
./instances/ORTEC-VRPTW-ASYM-0bdff870-d1-n458-k35.txt;0;259392;90.894
