./instances/ORTEC-VRPTW-ASYM-fd32ebe8-d1-n201-k15.txt;0;136768;0.10881
./instances/ORTEC-VRPTW-ASYM-fd32ebe8-d1-n201-k15.txt;0;135864;0.687119
./instances/ORTEC-VRPTW-ASYM-fd32ebe8-d1-n201-k15.txt;0;135165;0.951205
./instances/ORTEC-VRPTW-ASYM-fd32ebe8-d1-n201-k15.txt;0;133715;1.22666
./instances/ORTEC-VRPTW-ASYM-fd32ebe8-d1-n201-k15.txt;0;133645;1.80405
./instances/ORTEC-VRPTW-ASYM-fd32ebe8-d1-n201-k15.txt;0;133545;1.94315
./instances/ORTEC-VRPTW-ASYM-fd32ebe8-d1-n201-k15.txt;0;133521;1.99499
./instances/ORTEC-VRPTW-ASYM-fd32ebe8-d1-n201-k15.txt;0;131814;2.0044
./instances/ORTEC-VRPTW-ASYM-fd32ebe8-d1-n201-k15.txt;0;131530;3.428
./instances/ORTEC-VRPTW-ASYM-fd32ebe8-d1-n201-k15.txt;0;131130;3.66178
./instances/ORTEC-VRPTW-ASYM-fd32ebe8-d1-n201-k15.txt;0;131056;3.85156
./instances/ORTEC-VRPTW-ASYM-fd32ebe8-d1-n201-k15.txt;0;130829;4.13434
./instances/ORTEC-VRPTW-ASYM-fd32ebe8-d1-n201-k15.txt;0;130745;4.21662
./instances/ORTEC-VRPTW-ASYM-fd32ebe8-d1-n201-k15.txt;0;129373;4.56145
./instances/ORTEC-VRPTW-ASYM-fd32ebe8-d1-n201-k15.txt;0;129365;6.23632
./instances/ORTEC-VRPTW-ASYM-fd32ebe8-d1-n201-k15.txt;0;129331;8.57109
./instances/ORTEC-VRPTW-ASYM-fd32ebe8-d1-n201-k15.txt;0;129116;8.6761
./instances/ORTEC-VRPTW-ASYM-fd32ebe8-d1-n201-k15.txt;0;128807;8.7999
./instances/ORTEC-VRPTW-ASYM-fd32ebe8-d1-n201-k15.txt;0;128398;9.79512
./instances/ORTEC-VRPTW-ASYM-fd32ebe8-d1-n201-k15.txt;0;128354;12.6459
./instances/ORTEC-VRPTW-ASYM-fd32ebe8-d1-n201-k15.txt;0;128231;13.3119
./instances/ORTEC-VRPTW-ASYM-fd32ebe8-d1-n201-k15.txt;0;128187;13.7615
./instances/ORTEC-VRPTW-ASYM-fd32ebe8-d1-n201-k15.txt;0;128028;14.1248
./instances/ORTEC-VRPTW-ASYM-fd32ebe8-d1-n201-k15.txt;0;127854;15.869
./instances/ORTEC-VRPTW-ASYM-fd32ebe8-d1-n201-k15.txt;0;127840;18.2831
./instances/ORTEC-VRPTW-ASYM-fd32ebe8-d1-n201-k15.txt;0;127838;19.3959
./instances/ORTEC-VRPTW-ASYM-fd32ebe8-d1-n201-k15.txt;0;127685;21.0545
./instances/ORTEC-VRPTW-ASYM-fd32ebe8-d1-n201-k15.txt;0;127684;41.7355
./instances/ORTEC-VRPTW-ASYM-fd32ebe8-d1-n201-k15.txt;0;127674;43.526
./instances/ORTEC-VRPTW-ASYM-fd32ebe8-d1-n201-k15.txt;0;127613;43.73
./instances/ORTEC-VRPTW-ASYM-fd32ebe8-d1-n201-k15.txt;0;127563;45.8386
