./instances/ORTEC-VRPTW-ASYM-93c37e02-d1-n430-k35.txt;0;212620;0.142354
./instances/ORTEC-VRPTW-ASYM-93c37e02-d1-n430-k35.txt;0;211062;0.266283
./instances/ORTEC-VRPTW-ASYM-93c37e02-d1-n430-k35.txt;0;210934;2.93131
./instances/ORTEC-VRPTW-ASYM-93c37e02-d1-n430-k35.txt;0;208430;3.38527
./instances/ORTEC-VRPTW-ASYM-93c37e02-d1-n430-k35.txt;0;205651;3.40824
./instances/ORTEC-VRPTW-ASYM-93c37e02-d1-n430-k35.txt;0;204668;3.71244
./instances/ORTEC-VRPTW-ASYM-93c37e02-d1-n430-k35.txt;0;204497;4.21479
./instances/ORTEC-VRPTW-ASYM-93c37e02-d1-n430-k35.txt;0;204306;4.82474
./instances/ORTEC-VRPTW-ASYM-93c37e02-d1-n430-k35.txt;0;203667;5.40108
./instances/ORTEC-VRPTW-ASYM-93c37e02-d1-n430-k35.txt;0;201576;5.74389
./instances/ORTEC-VRPTW-ASYM-93c37e02-d1-n430-k35.txt;0;201523;6.08335
./instances/ORTEC-VRPTW-ASYM-93c37e02-d1-n430-k35.txt;0;200891;6.25025
./instances/ORTEC-VRPTW-ASYM-93c37e02-d1-n430-k35.txt;0;200568;6.37225
./instances/ORTEC-VRPTW-ASYM-93c37e02-d1-n430-k35.txt;0;200148;6.8091
./instances/ORTEC-VRPTW-ASYM-93c37e02-d1-n430-k35.txt;0;199518;7.62593
./instances/ORTEC-VRPTW-ASYM-93c37e02-d1-n430-k35.txt;0;198768;8.35168
./instances/ORTEC-VRPTW-ASYM-93c37e02-d1-n430-k35.txt;0;197804;8.3605
./instances/ORTEC-VRPTW-ASYM-93c37e02-d1-n430-k35.txt;0;197251;11.63
./instances/ORTEC-VRPTW-ASYM-93c37e02-d1-n430-k35.txt;0;196526;11.7801
./instances/ORTEC-VRPTW-ASYM-93c37e02-d1-n430-k35.txt;0;196154;15.2848
./instances/ORTEC-VRPTW-ASYM-93c37e02-d1-n430-k35.txt;0;196110;15.538
./instances/ORTEC-VRPTW-ASYM-93c37e02-d1-n430-k35.txt;0;195389;16.0082
./instances/ORTEC-VRPTW-ASYM-93c37e02-d1-n430-k35.txt;0;194785;16.2994
./instances/ORTEC-VRPTW-ASYM-93c37e02-d1-n430-k35.txt;0;194407;17.4142
./instances/ORTEC-VRPTW-ASYM-93c37e02-d1-n430-k35.txt;0;194350;17.4537
./instances/ORTEC-VRPTW-ASYM-93c37e02-d1-n430-k35.txt;0;193739;17.6426
./instances/ORTEC-VRPTW-ASYM-93c37e02-d1-n430-k35.txt;0;193728;18.2056
./instances/ORTEC-VRPTW-ASYM-93c37e02-d1-n430-k35.txt;0;193546;18.3081
./instances/ORTEC-VRPTW-ASYM-93c37e02-d1-n430-k35.txt;0;193289;20.3301
./instances/ORTEC-VRPTW-ASYM-93c37e02-d1-n430-k35.txt;0;192799;20.9575
./instances/ORTEC-VRPTW-ASYM-93c37e02-d1-n430-k35.txt;0;192746;22.0822
./instances/ORTEC-VRPTW-ASYM-93c37e02-d1-n430-k35.txt;0;191210;22.9959
./instances/ORTEC-VRPTW-ASYM-93c37e02-d1-n430-k35.txt;0;190397;25.9294
./instances/ORTEC-VRPTW-ASYM-93c37e02-d1-n430-k35.txt;0;189854;25.9487
./instances/ORTEC-VRPTW-ASYM-93c37e02-d1-n430-k35.txt;0;189787;27.8065
./instances/ORTEC-VRPTW-ASYM-93c37e02-d1-n430-k35.txt;0;189747;31.7524
./instances/ORTEC-VRPTW-ASYM-93c37e02-d1-n430-k35.txt;0;189607;31.7634
./instances/ORTEC-VRPTW-ASYM-93c37e02-d1-n430-k35.txt;0;189588;31.9872
./instances/ORTEC-VRPTW-ASYM-93c37e02-d1-n430-k35.txt;0;189476;32.0485
./instances/ORTEC-VRPTW-ASYM-93c37e02-d1-n430-k35.txt;0;189421;32.9883
./instances/ORTEC-VRPTW-ASYM-93c37e02-d1-n430-k35.txt;0;188862;33.0748
./instances/ORTEC-VRPTW-ASYM-93c37e02-d1-n430-k35.txt;0;188763;33.6157
./instances/ORTEC-VRPTW-ASYM-93c37e02-d1-n430-k35.txt;0;188491;37.7683
./instances/ORTEC-VRPTW-ASYM-93c37e02-d1-n430-k35.txt;0;188462;41.3528
./instances/ORTEC-VRPTW-ASYM-93c37e02-d1-n430-k35.txt;0;188073;41.6078
./instances/ORTEC-VRPTW-ASYM-93c37e02-d1-n430-k35.txt;0;187999;41.8787
./instances/ORTEC-VRPTW-ASYM-93c37e02-d1-n430-k35.txt;0;187932;42.6308
./instances/ORTEC-VRPTW-ASYM-93c37e02-d1-n430-k35.txt;0;187807;46.3188
./instances/ORTEC-VRPTW-ASYM-93c37e02-d1-n430-k35.txt;0;187757;47.6961
./instances/ORTEC-VRPTW-ASYM-93c37e02-d1-n430-k35.txt;0;187728;48.291
./instances/ORTEC-VRPTW-ASYM-93c37e02-d1-n430-k35.txt;0;187633;49.2162
./instances/ORTEC-VRPTW-ASYM-93c37e02-d1-n430-k35.txt;0;187609;50.503
./instances/ORTEC-VRPTW-ASYM-93c37e02-d1-n430-k35.txt;0;187573;51.107
./instances/ORTEC-VRPTW-ASYM-93c37e02-d1-n430-k35.txt;0;187387;51.6971
./instances/ORTEC-VRPTW-ASYM-93c37e02-d1-n430-k35.txt;0;187338;52.7456
./instances/ORTEC-VRPTW-ASYM-93c37e02-d1-n430-k35.txt;0;187310;59.902
./instances/ORTEC-VRPTW-ASYM-93c37e02-d1-n430-k35.txt;0;187305;61.435
./instances/ORTEC-VRPTW-ASYM-93c37e02-d1-n430-k35.txt;0;187298;62.7333
./instances/ORTEC-VRPTW-ASYM-93c37e02-d1-n430-k35.txt;0;187293;63.1332
./instances/ORTEC-VRPTW-ASYM-93c37e02-d1-n430-k35.txt;0;187272;73.3583
./instances/ORTEC-VRPTW-ASYM-93c37e02-d1-n430-k35.txt;0;187053;88.787
./instances/ORTEC-VRPTW-ASYM-93c37e02-d1-n430-k35.txt;0;186995;92.1753
./instances/ORTEC-VRPTW-ASYM-93c37e02-d1-n430-k35.txt;0;186976;94.5279
./instances/ORTEC-VRPTW-ASYM-93c37e02-d1-n430-k35.txt;0;186972;96.6094
./instances/ORTEC-VRPTW-ASYM-93c37e02-d1-n430-k35.txt;0;186958;97.8203
./instances/ORTEC-VRPTW-ASYM-93c37e02-d1-n430-k35.txt;0;186953;98.5962
./instances/ORTEC-VRPTW-ASYM-93c37e02-d1-n430-k35.txt;0;186853;190.798
./instances/ORTEC-VRPTW-ASYM-93c37e02-d1-n430-k35.txt;0;186806;215.079
