./instances/ORTEC-VRPTW-ASYM-e260d9dc-d1-n480-k45.txt;0;262681;0.130292
./instances/ORTEC-VRPTW-ASYM-e260d9dc-d1-n480-k45.txt;0;259052;0.202169
./instances/ORTEC-VRPTW-ASYM-e260d9dc-d1-n480-k45.txt;0;257474;3.02572
./instances/ORTEC-VRPTW-ASYM-e260d9dc-d1-n480-k45.txt;0;254253;3.26576
./instances/ORTEC-VRPTW-ASYM-e260d9dc-d1-n480-k45.txt;0;253623;3.50572
./instances/ORTEC-VRPTW-ASYM-e260d9dc-d1-n480-k45.txt;0;253463;3.59966
./instances/ORTEC-VRPTW-ASYM-e260d9dc-d1-n480-k45.txt;0;252654;3.74198
./instances/ORTEC-VRPTW-ASYM-e260d9dc-d1-n480-k45.txt;0;251811;3.78268
./instances/ORTEC-VRPTW-ASYM-e260d9dc-d1-n480-k45.txt;0;249944;3.79625
./instances/ORTEC-VRPTW-ASYM-e260d9dc-d1-n480-k45.txt;0;248482;3.85677
./instances/ORTEC-VRPTW-ASYM-e260d9dc-d1-n480-k45.txt;0;248016;4.2847
./instances/ORTEC-VRPTW-ASYM-e260d9dc-d1-n480-k45.txt;0;247655;4.68063
./instances/ORTEC-VRPTW-ASYM-e260d9dc-d1-n480-k45.txt;0;244314;5.71315
./instances/ORTEC-VRPTW-ASYM-e260d9dc-d1-n480-k45.txt;0;244013;7.03611
./instances/ORTEC-VRPTW-ASYM-e260d9dc-d1-n480-k45.txt;0;243377;7.29623
./instances/ORTEC-VRPTW-ASYM-e260d9dc-d1-n480-k45.txt;0;243351;7.33915
./instances/ORTEC-VRPTW-ASYM-e260d9dc-d1-n480-k45.txt;0;242551;7.73984
./instances/ORTEC-VRPTW-ASYM-e260d9dc-d1-n480-k45.txt;0;242355;8.68889
./instances/ORTEC-VRPTW-ASYM-e260d9dc-d1-n480-k45.txt;0;242314;9.43403
./instances/ORTEC-VRPTW-ASYM-e260d9dc-d1-n480-k45.txt;0;242255;9.86605
./instances/ORTEC-VRPTW-ASYM-e260d9dc-d1-n480-k45.txt;0;242016;9.90531
./instances/ORTEC-VRPTW-ASYM-e260d9dc-d1-n480-k45.txt;0;241632;10.4018
./instances/ORTEC-VRPTW-ASYM-e260d9dc-d1-n480-k45.txt;0;239521;10.4945
./instances/ORTEC-VRPTW-ASYM-e260d9dc-d1-n480-k45.txt;0;239181;12.5278
./instances/ORTEC-VRPTW-ASYM-e260d9dc-d1-n480-k45.txt;0;236863;12.7254
./instances/ORTEC-VRPTW-ASYM-e260d9dc-d1-n480-k45.txt;0;236533;16.7899
./instances/ORTEC-VRPTW-ASYM-e260d9dc-d1-n480-k45.txt;0;236146;17.2366
./instances/ORTEC-VRPTW-ASYM-e260d9dc-d1-n480-k45.txt;0;235734;18.0585
./instances/ORTEC-VRPTW-ASYM-e260d9dc-d1-n480-k45.txt;0;235322;18.1165
./instances/ORTEC-VRPTW-ASYM-e260d9dc-d1-n480-k45.txt;0;235220;18.8002
./instances/ORTEC-VRPTW-ASYM-e260d9dc-d1-n480-k45.txt;0;235192;18.9007
./instances/ORTEC-VRPTW-ASYM-e260d9dc-d1-n480-k45.txt;0;235185;20.0972
./instances/ORTEC-VRPTW-ASYM-e260d9dc-d1-n480-k45.txt;0;235039;20.3082
./instances/ORTEC-VRPTW-ASYM-e260d9dc-d1-n480-k45.txt;0;234850;21.7884
./instances/ORTEC-VRPTW-ASYM-e260d9dc-d1-n480-k45.txt;0;234732;22.3353
./instances/ORTEC-VRPTW-ASYM-e260d9dc-d1-n480-k45.txt;0;234713;26.0673
./instances/ORTEC-VRPTW-ASYM-e260d9dc-d1-n480-k45.txt;0;234125;26.4485
./instances/ORTEC-VRPTW-ASYM-e260d9dc-d1-n480-k45.txt;0;233948;28.2087
./instances/ORTEC-VRPTW-ASYM-e260d9dc-d1-n480-k45.txt;0;233940;31.5725
./instances/ORTEC-VRPTW-ASYM-e260d9dc-d1-n480-k45.txt;0;233712;32.4697
./instances/ORTEC-VRPTW-ASYM-e260d9dc-d1-n480-k45.txt;0;233467;33.3041
./instances/ORTEC-VRPTW-ASYM-e260d9dc-d1-n480-k45.txt;0;233190;33.6821
./instances/ORTEC-VRPTW-ASYM-e260d9dc-d1-n480-k45.txt;0;233153;34.2884
./instances/ORTEC-VRPTW-ASYM-e260d9dc-d1-n480-k45.txt;0;232932;34.3695
./instances/ORTEC-VRPTW-ASYM-e260d9dc-d1-n480-k45.txt;0;232847;35.2608
./instances/ORTEC-VRPTW-ASYM-e260d9dc-d1-n480-k45.txt;0;232829;35.4258
./instances/ORTEC-VRPTW-ASYM-e260d9dc-d1-n480-k45.txt;0;232792;35.7026
./instances/ORTEC-VRPTW-ASYM-e260d9dc-d1-n480-k45.txt;0;232742;36.2156
./instances/ORTEC-VRPTW-ASYM-e260d9dc-d1-n480-k45.txt;0;232733;36.6788
./instances/ORTEC-VRPTW-ASYM-e260d9dc-d1-n480-k45.txt;0;232673;36.6892
./instances/ORTEC-VRPTW-ASYM-e260d9dc-d1-n480-k45.txt;0;232556;36.7976
./instances/ORTEC-VRPTW-ASYM-e260d9dc-d1-n480-k45.txt;0;232526;36.8403
./instances/ORTEC-VRPTW-ASYM-e260d9dc-d1-n480-k45.txt;0;232520;39.7082
./instances/ORTEC-VRPTW-ASYM-e260d9dc-d1-n480-k45.txt;0;232474;40.0628
./instances/ORTEC-VRPTW-ASYM-e260d9dc-d1-n480-k45.txt;0;232467;40.798
./instances/ORTEC-VRPTW-ASYM-e260d9dc-d1-n480-k45.txt;0;232346;41.1209
./instances/ORTEC-VRPTW-ASYM-e260d9dc-d1-n480-k45.txt;0;232338;43.0157
./instances/ORTEC-VRPTW-ASYM-e260d9dc-d1-n480-k45.txt;0;232292;43.1836
./instances/ORTEC-VRPTW-ASYM-e260d9dc-d1-n480-k45.txt;0;232290;44.2517
./instances/ORTEC-VRPTW-ASYM-e260d9dc-d1-n480-k45.txt;0;232289;44.3062
./instances/ORTEC-VRPTW-ASYM-e260d9dc-d1-n480-k45.txt;0;232235;45.208
./instances/ORTEC-VRPTW-ASYM-e260d9dc-d1-n480-k45.txt;0;232227;46.5521
./instances/ORTEC-VRPTW-ASYM-e260d9dc-d1-n480-k45.txt;0;232213;48.4392
./instances/ORTEC-VRPTW-ASYM-e260d9dc-d1-n480-k45.txt;0;232184;58.4591
./instances/ORTEC-VRPTW-ASYM-e260d9dc-d1-n480-k45.txt;0;232167;63.7744
