../instances/ORTEC-VRPTW-ASYM-7a65458b-d1-n326-k20.txt;1;168055;0.042542
../instances/ORTEC-VRPTW-ASYM-7a65458b-d1-n326-k20.txt;1;167053;2.03559
../instances/ORTEC-VRPTW-ASYM-7a65458b-d1-n326-k20.txt;1;166082;2.07013
../instances/ORTEC-VRPTW-ASYM-7a65458b-d1-n326-k20.txt;1;164740;2.2216
../instances/ORTEC-VRPTW-ASYM-7a65458b-d1-n326-k20.txt;1;163906;2.41528
../instances/ORTEC-VRPTW-ASYM-7a65458b-d1-n326-k20.txt;1;162112;2.69452
../instances/ORTEC-VRPTW-ASYM-7a65458b-d1-n326-k20.txt;1;161854;3.04684
../instances/ORTEC-VRPTW-ASYM-7a65458b-d1-n326-k20.txt;1;160763;3.21369
../instances/ORTEC-VRPTW-ASYM-7a65458b-d1-n326-k20.txt;1;160624;3.81557
../instances/ORTEC-VRPTW-ASYM-7a65458b-d1-n326-k20.txt;1;160576;4.10387
../instances/ORTEC-VRPTW-ASYM-7a65458b-d1-n326-k20.txt;1;159560;4.31077
../instances/ORTEC-VRPTW-ASYM-7a65458b-d1-n326-k20.txt;1;159448;4.54373
../instances/ORTEC-VRPTW-ASYM-7a65458b-d1-n326-k20.txt;1;159140;4.75213
../instances/ORTEC-VRPTW-ASYM-7a65458b-d1-n326-k20.txt;1;158473;4.97619
../instances/ORTEC-VRPTW-ASYM-7a65458b-d1-n326-k20.txt;1;157847;6.26074
../instances/ORTEC-VRPTW-ASYM-7a65458b-d1-n326-k20.txt;1;156353;6.55854
../instances/ORTEC-VRPTW-ASYM-7a65458b-d1-n326-k20.txt;1;156160;8.16178
../instances/ORTEC-VRPTW-ASYM-7a65458b-d1-n326-k20.txt;1;155855;8.17811
../instances/ORTEC-VRPTW-ASYM-7a65458b-d1-n326-k20.txt;1;155721;8.44282
../instances/ORTEC-VRPTW-ASYM-7a65458b-d1-n326-k20.txt;1;155588;8.85507
../instances/ORTEC-VRPTW-ASYM-7a65458b-d1-n326-k20.txt;1;155513;10.5703
../instances/ORTEC-VRPTW-ASYM-7a65458b-d1-n326-k20.txt;1;154133;11.5521
../instances/ORTEC-VRPTW-ASYM-7a65458b-d1-n326-k20.txt;1;153539;14.5782
../instances/ORTEC-VRPTW-ASYM-7a65458b-d1-n326-k20.txt;1;152164;16.7447
../instances/ORTEC-VRPTW-ASYM-7a65458b-d1-n326-k20.txt;1;151635;21.3218
../instances/ORTEC-VRPTW-ASYM-7a65458b-d1-n326-k20.txt;1;151589;24.4623
../instances/ORTEC-VRPTW-ASYM-7a65458b-d1-n326-k20.txt;1;151505;24.6005
../instances/ORTEC-VRPTW-ASYM-7a65458b-d1-n326-k20.txt;1;151420;27.6181
../instances/ORTEC-VRPTW-ASYM-7a65458b-d1-n326-k20.txt;1;151397;27.8335
../instances/ORTEC-VRPTW-ASYM-7a65458b-d1-n326-k20.txt;1;151337;27.9193
../instances/ORTEC-VRPTW-ASYM-7a65458b-d1-n326-k20.txt;1;151030;29.3788
../instances/ORTEC-VRPTW-ASYM-7a65458b-d1-n326-k20.txt;1;150956;31.0401
../instances/ORTEC-VRPTW-ASYM-7a65458b-d1-n326-k20.txt;1;150919;31.3917
../instances/ORTEC-VRPTW-ASYM-7a65458b-d1-n326-k20.txt;1;150348;32.1052
../instances/ORTEC-VRPTW-ASYM-7a65458b-d1-n326-k20.txt;1;150341;32.4606
../instances/ORTEC-VRPTW-ASYM-7a65458b-d1-n326-k20.txt;1;150330;32.5841
../instances/ORTEC-VRPTW-ASYM-7a65458b-d1-n326-k20.txt;1;150073;32.8978
../instances/ORTEC-VRPTW-ASYM-7a65458b-d1-n326-k20.txt;1;149960;35.6308
../instances/ORTEC-VRPTW-ASYM-7a65458b-d1-n326-k20.txt;1;149905;37.7957
../instances/ORTEC-VRPTW-ASYM-7a65458b-d1-n326-k20.txt;1;149733;38.5689
../instances/ORTEC-VRPTW-ASYM-7a65458b-d1-n326-k20.txt;1;149626;40.6772
../instances/ORTEC-VRPTW-ASYM-7a65458b-d1-n326-k20.txt;1;149574;41.4819
../instances/ORTEC-VRPTW-ASYM-7a65458b-d1-n326-k20.txt;1;149561;44.4361
../instances/ORTEC-VRPTW-ASYM-7a65458b-d1-n326-k20.txt;1;149376;45.8683
../instances/ORTEC-VRPTW-ASYM-7a65458b-d1-n326-k20.txt;1;149141;46.3821
../instances/ORTEC-VRPTW-ASYM-7a65458b-d1-n326-k20.txt;1;148889;49.3547
../instances/ORTEC-VRPTW-ASYM-7a65458b-d1-n326-k20.txt;1;148708;50.099
../instances/ORTEC-VRPTW-ASYM-7a65458b-d1-n326-k20.txt;1;148548;53.5371
../instances/ORTEC-VRPTW-ASYM-7a65458b-d1-n326-k20.txt;1;148466;54.5685
../instances/ORTEC-VRPTW-ASYM-7a65458b-d1-n326-k20.txt;1;148442;60.7008
../instances/ORTEC-VRPTW-ASYM-7a65458b-d1-n326-k20.txt;1;148433;63.5987
../instances/ORTEC-VRPTW-ASYM-7a65458b-d1-n326-k20.txt;1;148305;65.175
../instances/ORTEC-VRPTW-ASYM-7a65458b-d1-n326-k20.txt;1;148211;66.7665
../instances/ORTEC-VRPTW-ASYM-7a65458b-d1-n326-k20.txt;1;148201;67.0514
../instances/ORTEC-VRPTW-ASYM-7a65458b-d1-n326-k20.txt;1;148193;67.881
../instances/ORTEC-VRPTW-ASYM-7a65458b-d1-n326-k20.txt;1;148071;73.1871
../instances/ORTEC-VRPTW-ASYM-7a65458b-d1-n326-k20.txt;1;147843;78.2272
../instances/ORTEC-VRPTW-ASYM-7a65458b-d1-n326-k20.txt;1;147831;85.4103
../instances/ORTEC-VRPTW-ASYM-7a65458b-d1-n326-k20.txt;1;147830;95.0797
../instances/ORTEC-VRPTW-ASYM-7a65458b-d1-n326-k20.txt;1;147824;193.095
../instances/ORTEC-VRPTW-ASYM-7a65458b-d1-n326-k20.txt;1;147740;352.336
../instances/ORTEC-VRPTW-ASYM-7a65458b-d1-n326-k20.txt;1;147706;354.001
../instances/ORTEC-VRPTW-ASYM-7a65458b-d1-n326-k20.txt;1;147705;361.43
../instances/ORTEC-VRPTW-ASYM-7a65458b-d1-n326-k20.txt;1;147691;364.599
../instances/ORTEC-VRPTW-ASYM-7a65458b-d1-n326-k20.txt;1;147681;365.229
../instances/ORTEC-VRPTW-ASYM-7a65458b-d1-n326-k20.txt;1;147679;366.423
../instances/ORTEC-VRPTW-ASYM-7a65458b-d1-n326-k20.txt;1;147674;370.527
../instances/ORTEC-VRPTW-ASYM-7a65458b-d1-n326-k20.txt;1;147662;373.083
../instances/ORTEC-VRPTW-ASYM-7a65458b-d1-n326-k20.txt;1;147661;388.779
